rip_geog,ateco2007,forma_giu,anno,unit_loc,gruppo,PER_tot,PER_dir,PER_qua,PER_imp,PER_ope,DIP_dic13,PER_indet,PER_deter,PER_appre,PER_chiam,DIP_TemPar_tot,DIP_TemPar_indet,DIP_TemPar_term,ORE14,FAT14
1,Fabbricazione di componenti elettronici,13,1988,13,3,9775,231,1017,5988,2539,9464,9681,94,0,0,409,409,0,13708631,1342937682
2,Supermercati,13,1981,225,2,7080,20,77,1931,5052,6658,6242,838,0,0,2825,2825,0,9173153,1718052
1,Commercio al dettaglio di mobili per la casa,13,1995,21,2,6402,43,177,5910,272,6129,5492,638,272,0,4164,3564,600,7672898,1589091787
1,Fabbricazione di autoveicoli,13,1975,13,2,6146,127,1527,702,3790,7447,6141,5,0,0,147,147,0,10352158,4443902025
4,Villaggi turistici,13,2003,9,1,6098,0,30,458,5610,109,56,6026,1,15,1829,3,1826,1029354,55121399
4,Fabbricazione di autoveicoli,13,1978,0,2,6092,8,85,360,5639,6092,6013,79,0,0,117,117,0,8682798,3173527178
2,Intermediazione monetaria di istituti monetari diverse dalle Banche centrali,13,2000,559,2,5920,78,2629,3213,0,6365,5796,33,91,0,657,657,0,9117907,1579517718
3,"Gestione di strade, ponti, gallerie",13,2003,11,1,5873,96,325,4484,968,5769,5515,327,31,0,740,666,74,8716459,3245490000
1,"Commercio al dettaglio in esercizi non specializzati di computer, periferiche, attrezzature per le t",13,1990,111,2,5822,30,184,5599,9,6799,5762,51,9,0,1788,1764,24,9600000,2093000000
1,"Fabbricazione di aeromobili, di veicoli spaziali e dei relativi dispositivi",13,2000,13,1,5675,158,468,3283,1766,6017,5629,0,46,0,43,43,0,10267884,2929837964
1,Attivit? dei call center,13,2005,10,1,5168,27,55,5083,3,4282,5134,31,3,0,3256,3236,20,5553155,233072398
2,Mense,13,1984,0,3,4925,0,34,283,4608,4518,4684,75,143,23,4053,4009,44,5152285,221000000
1,Altri trasporti terrestri di passeggeri nca,13,2003,48,3,4878,17,32,1205,3624,5094,4878,0,0,0,235,235,0,7585320,382137665
1,Fabbricazione di pneumatici e di camere d'aria,13,1906,4,2,4324,52,306,711,3255,4376,4222,102,0,0,439,364,75,7187817,1732656080
1,Commercio all'ingrosso non specializzato,13,1999,44,2,4294,44,198,3975,77,3911,3863,354,77,0,1576,1246,330,7900000,1717950000
1,"Commercio al dettaglio di tessuti per l'abbigliamento, l'arredamento e di biancheria per la casa",13,2009,830,1,4064,20,82,3896,66,4425,3449,551,64,0,2106,1655,451,5562695,445616955
2,Supermercati,13,1980,105,1,3741,19,64,3573,85,3753,3390,287,64,0,1489,1356,133,5114558,947519478
1,Intermediazione monetaria di istituti monetari diverse dalle Banche centrali,13,2003,356,1,3666,40,1691,1935,0,3711,3577,80,9,0,378,378,0,5791632,794157000
3,Fabbricazione di motocicli e motoveicoli (inclusi i motori),13,1985,8,3,3646,76,237,890,2443,3780,3638,7,1,0,413,411,2,4812000,716426000
3,"Fabbricazione di articoli da viaggio, borse e simili, pelletteria e selleria",13,1990,38,1,3529,102,275,1768,1384,3202,3374,148,6,1,57,57,0,75000000,2208000000
3,Trasmissione di energia elettrica,13,2004,102,1,3440,66,523,1893,958,3442,3385,1,54,0,30,30,0,5688510,1871622706
1,Intermediazione monetaria di istituti monetari diverse dalle Banche centrali,13,1917,374,2,3258,139,1711,1408,0,3365,3258,0,0,0,240,240,0,4886671,1162230384
3,Trasporto terrestre di passeggeri in aree urbane e suburbane,13,2000,63,3,3216,11,73,270,2862,3223,3216,0,0,0,19,19,0,5245622,303945615
1,Trattamento e smaltimento di rifiuti non pericolosi; produzione di compost,13,2007,4,1,3188,10,45,488,2645,3291,3053,134,1,0,22,19,3,4964000,319801371
2,Supermercati,13,1975,103,1,3183,3,21,142,3017,0,2557,52,574,0,633,625,8,4961768,893937242
4,Pulizia generale (non specializzata) di edifici,13,2004,1,3,3049,1,11,22,3015,2603,2954,91,4,0,2188,2097,91,2493000,55638
2,Costruzione di edifici residenziali e non residenziali,13,1975,37,1,3027,60,70,1417,1480,3454,2673,324,30,0,0,0,0,5400000,100000000
1,Fabbricazione di cuscinetti a sfere,13,1980,8,2,2961,125,341,590,1905,3707,2945,8,8,0,103,103,0,4777533,875309259
3,Trasmissione di energia elettrica,13,2012,96,1,2893,31,343,1560,959,3056,2838,2,53,0,15,15,0,5076455,394853687
1,Trasporto terrestre di passeggeri in aree urbane e suburbane,13,1999,27,1,2859,28,229,574,2028,2820,2790,69,0,0,43,43,0,4496511,426925749
1,Trasporto terrestre di passeggeri in aree urbane e suburbane,13,1998,27,1,2859,28,229,574,2028,2820,2790,69,0,0,43,43,0,4596511,426925749
2,"Commercio al dettaglio di articoli di profumeria, prodotti per toletta e per l'igiene personale",13,1992,459,1,2845,3,11,2822,9,2281,1621,1171,53,0,825,337,488,3728612,610105183
3,Supermercati,13,2007,75,1,2786,11,18,2757,0,2690,2569,198,19,0,1207,1043,164,3569000,700000000
1,Servizi di vigilanza privata,13,2004,33,1,2762,2,11,93,2656,1980,1981,690,91,0,290,290,0,43242015,182685094
1,Intermediazione monetaria di istituti monetari diverse dalle Banche centrali,13,2006,323,1,2750,27,723,1991,9,2713,2703,13,34,0,0,0,0,4975584,54406052
2,Trasporto terrestre di passeggeri in aree urbane e suburbane,13,1971,0,1,2749,5,33,326,2385,2747,2515,234,0,0,76,62,14,4488889,217652109
4,Trasporto terrestre di passeggeri in aree urbane e suburbane,13,1995,30,1,2731,12,75,375,2269,2891,2731,0,0,0,12,12,0,4781092,189045033
1,Fabbricazione di apparecchiature per le reti di distribuzione e il controllo dell'elettricità,13,1936,20,2,2697,57,115,1179,1346,2817,2697,0,0,0,202,202,0,4233532,724169075
1,Confezione in serie di abbigliamento esterno,13,1996,71,3,2630,49,126,1676,779,2229,2051,508,69,2,125,95,30,3923945,812087920
2,Pulizia generale (non specializzata) di edifici,13,1990,7,3,2514,0,5,44,2465,2254,2410,104,0,0,2418,2325,93,1256318,24100702
1,Fabbricazione di altre parti ed accessori per autoveicoli e loro motori,13,2001,3,2,2429,65,199,300,1865,2326,2407,22,0,0,76,76,0,578,522556000
4,Fabbricazione di poltrone e divani,13,1977,1,3,2399,46,85,485,1783,2399,2389,10,0,0,13,13,0,20000,453963320
4,Altre attività dei servizi connessi alle tecnologie dell'informatica,13,2001,4,1,2322,5,17,2300,0,2402,2322,0,0,0,2042,2042,0,2486820,72093000
3,Discount di alimentari,13,1994,272,1,2256,13,23,1950,270,2242,1818,135,303,0,1041,939,102,3055518,727018986
1,Trasporto terrestre di passeggeri in aree urbane e suburbane,13,1999,5,3,2249,9,30,242,1968,2343,2249,0,0,0,11,11,0,32000000,5656745127
3,Mense,13,2004,220,1,2199,0,5,136,2058,2758,2183,1,15,0,1877,1876,1,2561336,138979903
1,"Installazione di impianti idraulici, di riscaldamento e di condizionamento dell'aria (inclusa manute",13,1971,0,2,2138,25,103,665,1345,2389,2075,63,0,0,100,100,0,5000000,700000000
1,Intermediazione monetaria di istituti monetari diverse dalle Banche centrali,13,1991,5,1,1969,74,276,1619,0,1802,1740,38,191,0,29,29,0,1720170,576347289
2,"Fabbricazione di macchine da miniera, cava e cantiere (incluse parti e accessori)",13,1937,1,3,1946,18,24,444,1460,2270,1923,23,0,0,8,8,0,296500892,32912490
4,Fabbricazione di altre parti ed accessori per autoveicoli e loro motori,13,1996,1,2,1923,19,39,314,1551,1995,1920,0,3,0,34,34,0,3200000,311876000
2,"Commercio al dettaglio di orologi, articoli di gioielleria e argenteria",13,1996,368,1,1911,8,17,164,1722,1831,1543,267,101,0,1197,957,240,2292494,264517870
1,Fabbricazione di altre parti ed accessori per autoveicoli e loro motori,13,1989,4,2,1899,30,84,316,1469,1927,1895,4,0,0,56,56,0,3021303,329934243
2,Intermediazione monetaria di istituti monetari diverse dalle Banche centrali,13,2000,165,1,1865,5,687,1173,0,1901,1865,0,0,0,365,365,0,2603385,15336565
1,Intermediazione monetaria di istituti monetari diverse dalle Banche centrali,13,2012,348,1,1819,9,553,1257,0,1910,1815,1,3,0,166,166,0,2739000,349036
1,Commercio all'ingrosso non specializzato,13,1948,48,1,1808,51,143,997,617,1795,1729,73,6,0,267,223,44,1801120,540086766
2,Trattamento igienico del latte,13,2005,27,2,1805,58,149,800,798,1557,1712,93,0,0,88,85,3,2776387,861507723
4,"Commercio al dettaglio di articoli di profumeria, prodotti per toletta e per l'igiene personale",13,1992,185,1,1784,0,1,204,1579,1575,1366,418,0,0,212,181,31,2442746,332633816
1,Supermercati,13,1972,17,1,1777,10,31,1732,4,1828,1761,12,4,0,985,975,10,2762267,406258338
1,Fabbricazione di altre parti ed accessori per autoveicoli e loro motori,13,1994,6,2,1650,17,136,211,1286,3110,1650,0,0,0,15,15,0,1938600,185019304
1,Raccolta di rifiuti solidi non pericolosi,13,1989,35,3,1625,4,8,104,1509,2166,1507,118,0,0,47,47,0,2934012,138342583
2,Fabbricazione di altre macchine utensili (incluse parti e accessori),13,1962,10,1,1611,29,40,712,830,1719,1605,6,0,0,29,29,0,2143638,278505761
3,Altra stampa,13,1928,11,3,1602,23,32,832,715,1790,1538,2,62,0,11,11,0,2750700,356066277
3,Pulizia generale (non specializzata) di edifici,13,1985,20,3,1593,0,4,12,1577,1480,1559,34,0,0,1457,1457,0,168193,51200083
1,Raccolta di rifiuti solidi non pericolosi,13,1986,31,1,1569,7,7,272,1283,1552,1553,16,0,0,117,107,10,2381620,139038301
2,Catering continuativo su base contrattuale,13,1996,194,3,1562,0,12,96,1454,1564,1364,191,7,0,1317,1145,172,1376861,60467091
1,Confezione in serie di abbigliamento esterno,13,1989,13,1,1543,16,34,202,1291,1524,1478,65,0,0,87,76,11,2343721,191659518
1,Fabbricazione di apparecchiature per le reti di distribuzione e il controllo dell'elettricità,13,1960,18,2,1540,77,185,929,349,1519,1537,3,0,0,45,45,0,23369,515588695
1,"Commercio al dettaglio di ferramenta, vernici, vetro piano e materiale elettrico e termoidraulico",13,2007,53,2,1530,10,58,1458,4,1795,1425,101,4,0,644,576,68,239451103,272894902
4,Attività dei call center,13,2001,3,3,1520,0,2,1258,260,975,1271,7,242,0,1111,1105,6,1467944,37653840
1,Commercio al dettaglio di giochi e giocattoli (inclusi quelli elettronici),13,2001,401,2,1505,7,19,1446,33,2018,1324,181,0,0,952,782,170,2065252,341066696
1,Confezione in serie di abbigliamento esterno,13,1985,35,2,1501,59,111,621,710,1393,1388,92,21,0,88,76,12,2327635,505502189
1,Attività delle agenzie di fornitura di lavoro temporaneo (interinale),13,1992,20,3,1485,1,6,740,738,1750,479,974,32,0,525,160,365,784156,51006676
2,Fabbricazione di piastrelle in ceramica per pavimenti e rivestimenti,13,1976,4,2,1468,32,59,449,928,1482,1459,9,0,0,26,26,0,2250000,480000000
3,Fabbricazione di medicinali e preparati farmaceutici,13,1948,4,1,1460,62,259,760,379,1378,1353,107,0,0,33,33,0,2193879,485327624
4,Attività delle agenzie di fornitura di lavoro temporaneo (interinale),13,2005,4,3,1433,0,1,282,1150,221,137,1296,0,0,219,4,215,1307946,23244297
1,Fabbricazione di altre apparecchiature elettriche,13,1995,12,2,1428,59,319,1006,44,1471,1421,7,0,0,30,30,0,2513476,691894974
1,Fabbricazione di altre parti ed accessori per autoveicoli e loro motori,13,1985,8,2,1425,35,78,337,975,1462,1417,7,1,0,306,306,0,14219,338813120
1,"Siderurgia - Fabbricazione di ferro, acciaio e ferroleghe",13,1988,1,1,1421,17,23,302,1079,1383,1322,99,0,0,0,0,0,2356352,1644735952
2,Installazione di macchine ed apparecchiature industriali,13,1970,20,3,1420,8,16,445,951,1230,1300,120,0,0,0,0,0,1906000,173809053
2,Commercio all'ingrosso di abbigliamento e accessori,13,1981,91,1,1416,3,19,391,1003,1031,476,471,320,149,210,155,55,2046834,482164925
2,Ipermercati,13,1972,0,3,1359,1,2,281,1075,1312,1314,45,0,0,401,375,26,198922,511450724
3,Fabbricazione di altre macchine utensili (incluse parti e accessori),13,1970,8,1,1353,35,57,734,527,1302,1306,47,0,0,32,32,0,2272000,282520578
1,Fabbricazione di altre parti ed accessori per autoveicoli e loro motori,13,1950,5,2,1351,22,64,294,971,1170,1289,50,12,0,44,44,0,2295819,382069464
1,Altri servizi di supporto alle imprese nca,13,1998,1,3,1349,0,2,1347,0,54,32,1,0,1316,2,2,0,276691,13262776
3,Fabbricazione di medicinali e preparati farmaceutici,13,2012,1,2,1344,94,428,548,274,1168,1160,184,0,0,57,49,8,1708495,887626904
1,Altre attività creditizie,13,1951,164,1,1296,17,305,974,0,1236,1229,15,52,0,15,15,0,1898247,802687314
2,Trattamento igienico del latte,13,1977,6,1,1282,42,209,277,754,1274,1267,15,0,0,17,17,0,2002754,892153000
3,Supermercati,13,1994,0,1,1278,0,4,128,1146,1112,1058,187,33,0,236,139,97,1824370,630636
1,Fabbricazione di coloranti e pigmenti,13,1946,8,2,1277,86,245,613,333,1070,1226,51,0,0,40,39,1,1679900,550806938
2,"Fabbricazione di organi di trasmissione (esclusi quelli idraulici e quelli per autoveicoli, aeromobi",13,1956,25,1,1264,32,57,379,796,1298,1221,43,0,0,27,27,0,1777429,653936000
2,Produzione di prodotti a base di carne (inclusa la carne di volatili),13,2000,10,3,1259,27,46,217,969,1231,1217,42,0,0,41,41,0,2417280,554467000
1,Pulizia generale (non specializzata) di edifici,13,1978,170,3,1243,1,3,17,1222,966,1185,52,6,0,1064,1019,45,602985,21214522
3,Servizi di progettazione di ingegneria integrata,13,1995,1,2,1239,169,441,629,0,1267,1182,35,22,0,40,39,1,2090912,1386162607
3,Altra stampa,13,1997,23,1,1223,24,303,896,0,1100,1207,16,0,0,42,42,0,1919907,209015019
2,Fabbricazione di trattori agricoli,13,1996,5,1,1221,14,33,287,887,1248,1211,3,7,0,14,13,1,2344320,431695360
1,Spedizionieri e agenzie di operazioni doganali,13,1907,32,2,1209,31,118,994,66,1246,1162,47,0,0,69,69,0,2052125,666048418
2,Produzione di software non connesso all'edizione,13,2005,3,1,1208,10,48,1142,8,997,1061,132,15,0,633,603,30,1050984,51905253
1,Spedizionieri e agenzie di operazioni doganali,13,1963,40,2,1200,50,109,1038,3,1166,1121,41,38,0,33,33,0,1824950,573432837
2,Attività delle lavanderie industriali,13,1985,22,1,1192,6,18,122,1046,1196,1175,17,0,0,467,454,13,1647408,144793851
2,"Commercio all'ingrosso non specializzato di prodotti alimentari, bevande e tabacco",13,1972,50,1,1189,0,0,78,1111,1189,1030,159,0,0,218,218,0,1810602,359066654
3,Fabbricazione di elettrodomestici,13,1970,15,1,1185,23,55,307,800,1375,1165,2,18,0,29,29,0,1688761,292625000
4,Confezione in serie di abbigliamento esterno,13,2010,6,2,1181,3,11,166,1001,1183,1179,1,1,0,640,640,0,1511976,119299948
1,Attività delle società di revisione e certificazione di bilanci,13,1945,25,1,1167,86,95,632,354,1299,906,8,253,0,26,26,0,2222868,190015429
4,Pulizia generale (non specializzata) di edifici,13,1984,34,3,1159,0,4,19,1136,1272,1142,16,1,0,1082,1066,16,817393,23135000
1,Fabbricazione di medicinali e preparati farmaceutici,13,1927,2,2,1153,58,331,604,160,1140,1118,26,9,0,36,36,0,1835054,896139541
1,Altre attività connesse alle telecomunicazioni,13,1921,4,1,1139,45,290,801,3,1456,1134,5,0,0,11,11,0,1536615,269765558
2,Trasporto di merci su strada,13,1949,72,1,1132,17,125,773,217,1008,1054,77,1,0,48,41,7,2381835,397373582
1,Ricerche di mercato e sondaggi di opinione,13,2012,0,3,1126,1,4,155,966,965,757,123,5,241,175,104,71,1218256,29147949
2,Pulizia generale (non specializzata) di edifici,13,1987,1,3,1113,0,5,11,1097,1103,1095,18,0,0,1113,1095,18,700000,15000
4,Attività delle agenzie di fornitura di lavoro temporaneo (interinale),13,2005,3,3,1113,0,2,36,1075,993,10,1103,0,0,215,1,214,1562560,25140162
3,"Produzione di fette biscottate, biscotti; prodotti di pasticceria conservati",13,1959,6,1,1113,19,19,152,923,1101,997,116,0,0,164,164,0,1555556,308858724
3,Fabbricazione di medicinali e preparati farmaceutici,13,1959,4,2,1094,68,257,566,203,1101,1027,67,0,0,4,4,0,1688577,761597920
4,Supermercati,13,1976,51,3,1058,1,12,106,939,989,920,30,108,0,218,214,4,1708840,291730241
2,"Industria delle bibite analcoliche, delle acque minerali e di altre acque in bottiglia",13,1977,1,1,1054,21,32,346,655,1050,1010,43,1,0,101,101,0,1740737,574590089
1,Spedizionieri e agenzie di operazioni doganali,13,1989,17,2,1048,0,100,945,3,1032,1007,41,0,0,419,378,41,1341993,596693955
2,Fabbricazione di caldaie per riscaldamento,13,1988,3,1,1029,14,8,225,782,1097,1028,0,1,0,33,33,0,1313463,182116076
1,Attività degli studi di ingegneria,13,1955,18,3,1028,31,69,563,365,711,1028,0,0,0,37,37,0,175000,246525506
2,Commercio al dettaglio di materiale per ottica e fotografia,13,1999,207,2,1027,6,26,995,0,964,934,93,0,0,304,246,58,3421711,117644494
2,"Gestione di strade, ponti, gallerie",13,1959,23,1,1025,6,37,716,266,964,914,111,0,0,161,111,50,1771200,350000000
3,Raccolta di rifiuti solidi non pericolosi,13,1997,0,3,1020,6,12,234,768,1014,937,83,0,0,8,8,0,1587631,135924505
1,Fabbricazione di apparecchiature per le reti di distribuzione e il controllo dell'elettricità,13,1970,14,1,1019,31,110,543,335,1036,1008,11,0,0,66,66,0,1561379,267530000
1,Edizione di riviste e periodici,13,1990,16,2,1014,51,129,829,5,1060,1004,6,4,0,129,128,1,1548708,213505
2,Altre strutture di assistenza sociale residenziale,13,1978,45,3,1010,0,0,103,907,627,754,40,216,0,240,225,15,800000,54000000
2,Pulizia generale (non specializzata) di edifici,13,1992,0,3,1000,0,0,6,994,740,800,200,0,0,850,680,170,720000,15987300
1,"Siderurgia - Fabbricazione di ferro, acciaio e ferroleghe",13,1994,18,3,1000,12,26,241,721,1000,940,60,0,0,15,15,0,2000000,467483888
1,Raccolta di rifiuti solidi non pericolosi,13,1983,34,1,993,3,4,89,897,943,961,24,8,0,15,15,0,1735792,113401446
2,Intermediazione monetaria di istituti monetari diverse dalle Banche centrali,13,1991,119,1,991,10,312,662,7,1017,980,6,5,0,161,161,0,1492946,200447000
1,Spedizionieri e agenzie di operazioni doganali,13,1964,28,2,991,24,72,490,405,975,972,12,7,0,19,19,0,1637527,497875528
2,"Commercio al dettaglio di articoli di profumeria, prodotti per toletta e per l'igiene personale",13,1989,122,2,989,2,18,944,25,1111,884,44,16,45,259,244,15,1537872,134911174
3,Produzione di software non connesso all'edizione,13,1983,3,1,987,27,214,746,0,1003,984,3,0,0,91,91,0,1541376,76000000
2,Fabbricazione di attrezzature di uso non domestico per la refrigerazione e la ventilazione; fabbrica,13,1987,4,1,984,11,26,263,684,904,867,117,0,0,64,62,2,1051737,193982000
2,Pulizia generale (non specializzata) di edifici,13,1993,60,3,969,0,2,17,950,655,925,44,0,0,925,905,20,588973,13870083
3,Costruzione di edifici residenziali e non residenziali,13,1950,34,1,963,132,139,472,220,881,933,30,0,0,18,18,0,2265000,2130936259
3,Altre attività connesse alle telecomunicazioni,13,1987,13,1,956,14,32,578,332,596,686,137,133,0,7,6,1,1548859,52172908
4,Pulizia generale (non specializzata) di edifici,13,1958,0,3,952,0,1,15,936,850,952,0,0,0,684,684,0,691123,12629725
3,Pulizia generale (non specializzata) di edifici,13,1998,3,1,949,2,0,39,908,916,929,20,0,0,775,755,20,94362,22620215
3,Produzione di cemento,13,1974,19,1,945,27,55,342,521,1190,945,0,0,0,16,16,0,1500000,200000000
1,Pulizia generale (non specializzata) di edifici,13,1966,0,3,945,1,6,37,901,953,905,40,0,0,808,772,36,885213,21339655
4,Fabbricazione di vetro cavo,13,1996,8,2,944,18,20,207,699,852,788,155,1,0,16,15,1,1541215,292913147
4,Attività di risanamento e altri servizi di gestione dei rifiuti,13,1999,17,3,940,7,9,423,501,605,740,200,0,0,93,0,93,1006390,78250777
4,Trasporto terrestre di passeggeri in aree urbane e suburbane,13,1992,18,1,934,5,14,74,841,942,925,9,0,0,3,3,0,1630400,95870568
1,Servizi di vigilanza privata,13,1979,6,3,928,0,3,21,904,729,836,90,2,0,20,15,5,238890,45668848
3,Supermercati,13,1975,43,3,926,3,12,66,845,912,680,165,81,0,57,36,21,1547811,217071497
1,Ospedali e case di cura generici,13,1965,1,1,923,0,0,783,140,467,871,52,0,0,76,75,1,688904,128667485
2,Commercio al dettaglio di confezioni per adulti,13,1966,113,1,918,4,10,904,0,949,660,258,0,0,230,10,220,1406525,206643489
1,Pulizia generale (non specializzata) di edifici,13,2007,6,1,912,3,6,58,845,930,893,19,0,0,575,558,17,1700000,39307739
3,Gestione di luoghi e monumenti storici e attrazioni simili,13,2000,2,3,905,15,15,592,283,480,886,19,0,0,366,353,13,1129356,60454000
1,"Estrazione di pietre ornamentali e da costruzione, calcare, pietra da gesso, creta e ardesia",12,2012,8,2,902,14,16,178,694,908,902,0,0,0,61,61,0,1032049,104361126
1,Fabbricazione di altre parti ed accessori per autoveicoli e loro motori,13,2001,8,2,902,14,16,178,694,908,902,0,0,0,61,61,0,1032049,104361126
4,Trasporto terrestre di passeggeri in aree urbane e suburbane,13,2003,16,3,902,0,0,40,862,467,790,85,0,27,0,0,0,486000,21361171
1,Confezione in serie di abbigliamento esterno,13,1968,8,1,896,12,13,226,645,897,814,54,28,0,48,46,2,1414338,248075274
1,Ipermercati,13,1965,51,1,895,0,5,809,81,927,790,19,86,0,197,187,10,1450090,235485465
3,Concessione dei diritti di sfruttamento di proprietà intellettuale e prodotti simili (escluse le op,13,1974,18,2,892,85,156,625,26,877,793,99,0,0,30,29,1,1463022,184240000
1,Fabbricazione di altri prodotti chimici di base organici,13,2008,8,1,890,36,91,352,411,875,871,19,0,0,25,25,0,1426357,543606703
1,Intermediazione monetaria di istituti monetari diverse dalle Banche centrali,13,1939,3,1,886,35,373,478,0,858,849,20,17,0,112,112,0,1260713,289632941
2,Fabbricazione di altre parti ed accessori per autoveicoli e loro motori,13,1986,16,2,881,9,11,191,670,864,860,0,21,0,50,50,0,1384863,159240456
2,Produzione di software non connesso all'edizione,13,1986,11,1,878,16,60,802,0,494,822,55,1,0,122,111,11,1358838,69532323
1,Assicurazioni diverse da quelle sulla vita,13,1999,1,2,872,10,23,839,0,895,869,3,0,0,448,448,0,1050744,458385000
1,"Commercio all'ingrosso di altre macchine e attrezzature per l'industria, il commercio e la navigazio",13,1958,9,2,862,11,56,368,427,827,828,26,8,0,34,32,2,1370079,247016684
2,"Fabbricazione di altri prodotti in calcestruzzo, gesso e cemento",13,1987,36,1,859,12,60,326,461,825,796,58,5,0,15,15,0,1322882,281916313
2,Fabbricazione di strutture metalliche e parti assemblate di strutture,13,2004,5,1,856,20,15,317,504,660,714,142,0,0,5,4,1,1410798,227935298
1,"Commercio al dettaglio di ferramenta, vernici, vetro piano e materiale elettrico e termoidraulico",13,2003,32,1,852,4,22,774,52,874,707,93,52,0,360,298,62,1598899,149854522
2,"Fabbricazione di altre macchine per l'agricoltura, la silvicoltura e la zootecnia",13,1997,3,1,850,9,27,252,562,953,797,52,1,0,6,5,1,1480000,300000000
1,Fusione di metalli leggeri,13,2002,1,1,849,6,87,45,711,801,848,1,0,0,0,0,0,1308502,135666168
1,Trasporto ferroviario di passeggeri (interurbano),13,1966,0,1,845,12,49,247,537,842,811,34,0,0,11,11,0,1504735,120320443
2,"Fabbricazione di porte, finestre e loro telai, imposte e cancelli metallici",13,1984,4,2,842,40,54,527,221,790,757,64,21,0,42,41,1,1426275,198913366
4,Discount di alimentari,13,1999,89,1,841,0,3,90,748,580,688,153,0,0,378,271,107,72965,392842833
1,Alberghi,13,1967,20,1,838,1,31,296,510,443,300,538,0,0,107,19,88,1344143,105325102
3,Fabbricazione di carta e cartone,13,2001,5,2,837,20,59,262,496,801,782,55,0,0,10,10,0,328397,451637329
3,Servizi di vigilanza privata,13,2009,3,3,816,1,6,7,802,871,760,42,0,14,15,15,0,1719314,41000000
1,Edizione di riviste e periodici,13,1985,6,1,815,48,80,682,5,1153,814,1,0,0,63,63,0,1549764,494878000
1,Fabbricazione di apparecchi elettrici ed elettronici per telecomunicazioni,13,1964,3,1,815,50,81,527,157,731,756,59,0,0,47,46,1,1196276,188220650
1,Fabbricazione di imballaggi in materie plastiche,13,1911,2,1,814,19,23,230,542,772,740,62,12,0,55,55,0,1311000,179000000
2,Trasporto terrestre di passeggeri in aree urbane e suburbane,13,1999,8,3,814,4,9,116,685,810,806,8,0,0,36,36,0,1236222,72813513
1,"Fucinatura, imbutitura, stampaggio e profilatura dei metalli; metallurgia delle polveri",13,1998,1,2,805,7,57,61,680,907,801,4,0,0,33,33,0,1348373,153298368
2,Produzione di carne non di volatili e di prodotti della macellazione (attività dei mattatoi),13,1988,3,1,802,19,17,239,527,843,722,44,36,0,27,26,1,147868,935000000
1,Commercio all'ingrosso di medicinali,13,1999,0,2,802,48,198,556,0,629,786,16,0,0,4,4,0,968313,506310825
2,Trasporto di merci su strada,13,1969,21,2,800,29,71,434,266,876,748,52,0,0,54,51,3,1200845,317709291
1,Altri servizi di supporto alle imprese nca,13,2005,4,2,790,0,1,20,769,619,60,1,0,729,41,40,1,239707,11312741
2,Fabbricazione di piastrelle in ceramica per pavimenti e rivestimenti,13,1988,5,3,781,37,34,208,502,816,778,3,0,0,44,44,0,1194926,157500000
2,Fabbricazione di altre pompe e compressori,13,2001,18,2,780,7,11,228,534,821,763,13,4,0,27,27,0,1298340,256699118
2,"Fabbricazione di macchine automatiche per la dosatura, la confezione e per l'imballaggio (incluse pa",13,1990,14,1,778,11,45,399,323,715,710,19,49,0,40,37,3,1288987,180430904
2,"Produzione di paste alimentari, di cuscus e di prodotti farinacei simili",13,1982,26,1,774,34,27,174,539,779,698,75,1,0,148,101,47,969810,312311855
1,Fabbricazione di prodotti chimici impiegati per ufficio e per il consumo non industriale,13,1917,5,2,772,45,214,382,131,773,772,0,0,0,54,54,0,1378600,440942498
2,Fabbricazione di altri rubinetti e valvole,13,1979,6,1,770,9,21,232,508,737,761,0,9,0,59,59,0,1216752,120732000
2,"Commercio all'ingrosso non specializzato di prodotti alimentari, bevande e tabacco",13,1988,31,1,765,7,30,425,303,754,704,60,1,0,37,35,2,1305662,1305555531
2,Trasporto di merci su strada,13,1979,59,3,763,21,65,672,5,776,664,99,0,0,66,53,13,976640,1135930434
1,Attivit? delle agenzie di viaggio,13,1984,8,1,761,21,75,665,0,794,711,50,0,0,180,173,7,1120392,573334
2,Intermediazione monetaria di istituti monetari diverse dalle Banche centrali,13,1992,82,3,758,10,194,554,0,759,711,8,39,0,62,62,0,1108531,135749000
3,Fabbricazione di apparecchiature per illuminazione,13,1963,0,3,755,10,55,360,330,715,502,240,13,0,28,28,0,711000,205000000
2,Fabbricazione di motori a combustione interna (incluse parti e accessori ed esclusi i motori destina,13,1933,7,2,753,16,21,262,454,726,743,2,8,0,35,35,0,1286115,180764963
1,Tessitura,13,1987,3,1,742,16,20,175,531,733,720,22,0,0,79,78,1,1033241,143517220
3,Mense,13,1975,120,3,741,0,7,30,704,715,683,26,32,0,0,0,0,7689123,41458000
1,Fabbricazione di elettrodomestici,13,1988,2,2,734,5,14,119,596,669,719,15,0,0,126,126,0,1137918,201307000
2,Produzione di software non connesso all'edizione,13,1976,3,1,732,14,239,439,40,742,692,0,40,0,93,93,0,1313340,206000000
4,Trasporto terrestre di passeggeri in aree urbane e suburbane,13,2003,2,3,723,2,6,44,671,715,723,0,0,0,22,22,0,119802,45949999
2,Fabbricazione di caldaie per riscaldamento,13,1998,1,2,717,13,21,193,490,731,714,0,3,0,2,2,0,1114000,230000
1,Ristorazione con somministrazione,13,2012,22,3,717,0,3,26,688,519,225,67,1,424,42,34,8,781699,31898298
1,Servizi integrati di gestione agli edifici,13,2007,2,1,712,0,2,20,690,700,712,0,0,0,251,251,0,722819,26570000
2,Fabbricazione di altre parti ed accessori per autoveicoli e loro motori,13,1963,0,2,712,23,29,178,482,699,636,72,4,0,10,10,0,1178700,195000000
4,Intermediazione monetaria di istituti monetari diverse dalle Banche centrali,13,2010,100,1,711,10,299,402,0,721,705,6,0,0,24,24,0,1066359,223131039
3,Produzione di birra,13,2002,4,2,711,30,80,394,207,749,695,14,2,0,12,12,0,1207452,347860449
2,Confezione in serie di abbigliamento esterno,13,1970,18,2,711,17,27,211,456,776,702,9,0,0,73,73,0,1053871,110906010
2,Fabbricazione di armature per occhiali di qualsiasi tipo; montatura in serie di occhiali comuni,13,1976,4,1,710,15,26,259,410,540,636,74,0,0,79,7,72,966419,150420000
3,Fabbricazione di cuscinetti a sfere,13,1972,3,1,707,10,15,202,480,691,694,9,4,0,19,19,0,1090690,109316903
1,Preparazione e filatura di fibre tessili,13,1984,2,3,707,12,15,146,534,765,706,1,0,0,34,34,0,976521,91243107
2,Fabbricazione di robot industriali per usi molteplici (incluse parti e accessori),13,1980,24,1,706,16,51,382,257,754,693,13,0,0,19,19,0,1213821,156609825
1,Servizi di vigilanza privata,13,1971,4,3,702,1,4,35,662,613,585,112,3,2,34,29,5,1392306,31389894
2,"Fabbricazione di organi di trasmissione (esclusi quelli idraulici e quelli per autoveicoli, aeromobi",13,1976,1,2,701,17,10,199,475,701,701,0,0,0,32,32,0,1233700,133000000
2,Pulizia generale (non specializzata) di edifici,13,1983,0,3,700,65,0,15,620,700,658,42,0,0,0,0,0,1232000,13000000
1,Fabbricazione di altri rubinetti e valvole,13,1951,3,1,697,10,3,247,437,702,692,5,0,0,32,30,2,17600,172596390
3,Ipermercati,13,1992,5,1,695,1,3,656,35,689,641,44,10,0,397,361,36,979000,164670000
2,Fabbricazione di elettrodomestici,13,1985,28,1,694,16,15,221,442,685,677,17,0,0,96,96,0,1057505,349326991
1,"Commercio al dettaglio di biancheria personale, maglieria, camicie",13,2001,82,1,693,5,17,613,58,690,407,229,57,0,193,88,105,1028000,133086000
3,Riparazione e manutenzione di apparecchiature elettroniche ed ottiche (escluse quelle per le telecom,13,1978,22,3,693,25,126,520,22,719,667,23,3,0,37,23,14,1062252,145226795
1,Intermediazione monetaria di istituti monetari diverse dalle Banche centrali,13,1992,85,2,691,7,331,348,5,561,678,8,5,0,85,85,0,965189,152175063
1,Pulizia generale (non specializzata) di edifici,13,1997,0,3,690,2,3,20,665,637,656,33,1,0,236,225,11,1204600,29258933
3,Fabbricazione di apparecchi elettrici ed elettronici per telecomunicazioni,13,1951,0,3,688,77,84,470,57,697,680,8,0,0,7,7,0,1201902,240441000
3,Intermediazione monetaria di istituti monetari diverse dalle Banche centrali,13,1992,89,1,685,12,199,455,19,691,657,12,16,0,77,65,12,1025726,211964603
2,Ospedali e case di cura specialistici,13,2004,2,1,684,6,0,643,35,670,631,53,0,0,57,57,0,997000,74218860
4,Pulizia generale (non specializzata) di edifici,13,1979,1,3,681,1,0,8,672,306,637,44,0,0,0,0,0,328650,5656920
1,Servizi di progettazione di ingegneria integrata,13,1961,34,1,680,12,101,567,0,613,639,41,0,0,14,14,0,993387,74887651
1,Fusione di altri metalli non ferrosi,13,1984,6,1,679,7,3,208,461,680,635,37,7,0,24,24,0,1121833,124742797
3,"Commercio al dettaglio in esercizi non specializzati di computer, periferiche, attrezzature per le t",13,1989,36,1,675,1,6,623,45,662,642,32,1,0,204,184,20,421920,216000000
4,Attività dei call center,13,2001,5,1,674,0,1,641,32,576,620,22,32,0,311,289,22,943488,28450718
4,"Produzione di piombo, zinco e stagno e semilavorati",13,1999,2,2,673,8,79,178,408,705,649,21,3,0,2,2,0,7027741,472096
1,Trasporto di merci su strada,13,1984,15,1,673,11,9,142,511,612,595,62,16,0,2,2,0,1283531,181252837
1,Catering continuativo su base contrattuale,13,1970,4,1,671,2,4,40,625,721,654,12,5,0,574,565,9,616521,32061626
3,Fabbricazione di pneumatici e di camere d'aria,13,1999,0,2,670,22,77,92,479,580,590,71,9,0,1,1,0,1179890,178300705
2,Installazione di impianti elettrici ed elettronici (inclusa manutenzione e riparazione),13,2005,4,1,670,16,24,237,393,748,599,60,11,0,24,24,0,1158848,17217000
3,Produzione di software non connesso all'edizione,13,1987,10,1,668,28,33,592,15,562,633,31,4,0,54,54,0,915675,85727301
2,Fabbricazione di altri articoli metallici e minuteria metallica,13,1972,2,2,665,6,1,140,518,1069,541,114,10,0,120,114,6,645339,91893636
1,"Fabbricazione di altre macchine per l'agricoltura, la silvicoltura e la zootecnia",13,1959,3,3,662,14,17,149,482,675,658,3,1,0,23,23,0,256380,104600000
1,"Fabbricazione di aeromobili, di veicoli spaziali e dei relativi dispositivi",13,1968,2,1,661,12,59,262,328,690,647,0,14,0,11,11,0,527118,151914542
2,"Costruzione di materiale rotabile ferroviario, tranviario, filoviario, per metropolitane e per minie",13,1964,5,2,661,11,15,413,222,730,623,29,9,0,14,11,3,107410,150042167
2,Fabbricazione di medicinali e preparati farmaceutici,13,1973,4,1,658,30,136,374,118,622,637,21,0,0,658,637,21,1015852,331828860
4,Commercio al dettaglio di materiale per ottica e fotografia,13,1962,100,2,657,4,17,636,0,680,589,68,0,0,146,117,29,1020696,104000000
1,Tessitura,13,1967,1,3,655,4,4,53,594,630,600,55,0,0,0,0,0,995531,109719588
1,"Lavorazione e conservazione di pesce, crostacei e molluschi mediante surgelamento, salatura eccetera",13,1951,2,1,655,23,54,169,409,655,634,21,0,0,17,17,0,1175538,716734375
4,"Raccolta, trattamento e fornitura di acqua",13,2000,18,1,653,9,16,367,261,667,653,0,0,0,1,1,0,1073701,176600416
1,Commercio all'ingrosso di altri prodotti alimentari,13,2001,18,1,652,9,22,171,450,638,597,47,8,0,115,103,12,1026765,356730273
4,Pulizia generale (non specializzata) di edifici,13,2001,240,3,650,0,0,6,644,479,644,6,0,0,616,610,6,342829,6600000
2,Collaudi e analisi tecniche di prodotti,13,1981,3,2,650,0,10,630,10,650,600,50,0,0,75,75,0,1358965,46857522
3,Commercio al dettaglio di libri nuovi in esercizi specializzati,13,1988,168,1,649,2,6,641,0,584,448,200,0,1,39,12,27,165068,100629919
1,"Raccolta, trattamento e fornitura di acqua",13,2003,26,1,648,0,16,357,275,771,626,21,1,0,22,22,0,1015058,131542973
2,"Gestione di strade, ponti, gallerie",13,1928,5,3,647,7,23,559,58,664,646,1,0,0,88,88,0,1078614,180014047
4,Silvicoltura e altre attivit? forestali,13,2001,30,3,644,1,7,238,398,655,644,0,0,0,46,46,0,920235,20370587
2,Fabbricazione di agrofarmaci e di altri prodotti chimici per l'agricoltura (esclusi i concimi),13,1976,1,1,644,7,0,198,439,654,614,30,0,0,16,16,0,1004626,240169837
1,Intermediazione monetaria di istituti monetari diverse dalle Banche centrali,13,1994,121,1,643,3,213,383,44,718,598,1,44,0,75,75,0,1072911,212698973
3,Attività delle holding impegnate nelle attività gestionali (holding operative),13,1997,1,1,640,61,147,410,22,666,639,0,1,0,12,12,0,965421,186384288
3,Fabbricazione di medicinali e preparati farmaceutici,13,1996,2,2,636,35,189,348,64,562,592,44,0,0,16,16,0,1084302,1491214558
3,Fabbricazione di prodotti igienico-sanitari e per uso domestico in carta e ovatta di cellulosa,13,2001,6,1,634,3,13,132,486,566,599,35,0,0,5,5,0,250000,336068
1,Commercio al dettaglio di altri prodotti non alimentari nca,13,1995,146,3,631,0,7,51,573,450,467,164,0,0,36,32,4,864377,112146974
1,"Fabbricazione di lastre, fogli, tubi e profilati in materie plastiche",13,1965,8,1,630,10,22,145,453,656,624,6,0,0,18,18,0,1076399,121284485
4,Commercio all'ingrosso di altri prodotti alimentari,13,2000,28,1,627,0,0,525,102,632,622,5,0,0,166,164,2,921627,249551216
2,Mense,13,1975,0,1,627,3,7,39,578,562,620,5,2,0,485,480,5,722237,28365837
2,Confezione in serie di abbigliamento esterno,13,1978,31,1,623,35,56,508,24,725,572,51,0,0,40,38,2,1200000,382256914
2,Pulizia generale (non specializzata) di edifici,13,2009,0,3,620,0,0,20,600,446,501,117,2,0,579,467,112,930000,8832838
3,"Raccolta, trattamento e fornitura di acqua",13,2000,28,1,618,4,21,330,263,636,618,0,0,0,22,22,0,1037457,210132574
2,Fabbricazione di attrezzature di uso non domestico per la refrigerazione e la ventilazione; fabbrica,13,1961,3,1,615,13,10,175,417,599,569,46,0,0,69,66,3,984671,161714946
3,Raccolta di rifiuti solidi non pericolosi,13,1980,10,1,614,6,5,82,521,918,597,15,2,0,35,25,10,1367928,102205977
1,Fabbricazione di altri prodotti in gomma,13,1974,2,2,614,11,53,61,489,621,612,1,1,0,1,1,0,955912,80576100
1,"Fabbricazione di macchine tessili, di macchine e di impianti per il trattamento ausiliario dei tessi",13,1948,0,1,612,5,2,165,440,552,609,3,0,0,15,15,0,960508,62894079
4,Raccolta di rifiuti solidi non pericolosi,13,1984,10,3,609,0,0,37,572,600,559,50,0,0,50,45,5,241108,45000000
1,Fabbricazione di gas industriali,13,1927,22,1,609,23,30,343,213,567,605,4,0,0,12,11,1,980520,205448742
2,Commercio all'ingrosso di articoli per l'illuminazione; materiale elettrico vario per uso domestico,13,1980,22,1,607,6,19,365,217,506,600,5,2,0,47,46,1,854320,170000000
2,Fabbricazione di caldaie per riscaldamento,13,1964,10,1,607,13,53,214,327,611,603,1,3,0,65,65,0,903705,200000000
2,Fabbricazione di piastrelle in ceramica per pavimenti e rivestimenti,13,1960,0,3,606,2,28,216,360,598,600,4,2,0,37,37,0,934143,83339589
1,Fabbricazione di armi e munizioni,13,1976,0,3,605,4,18,72,511,494,487,118,0,0,20,20,0,888657,106853889
1,Fabbricazione di mobili per arredo domestico,13,1970,6,3,601,7,7,186,401,577,583,18,0,0,4,4,0,1069325,128000000
1,Fabbricazione di altre macchine per impieghi speciali nca (incluse parti e accessori),13,1957,10,1,598,19,21,267,291,746,592,6,0,0,30,30,0,950000,121233563
3,Fabbricazione di componenti elettronici,13,2007,1,3,596,13,12,310,261,629,596,0,0,0,33,33,0,1039736,326540
1,Edizione di quotidiani,13,1974,25,1,595,33,80,341,141,594,575,15,5,0,28,28,0,949814,216000000
4,"Fabbricazione di aeromobili, di veicoli spaziali e dei relativi dispositivi",13,1993,3,1,595,7,20,211,357,599,523,72,0,0,7,7,0,1085125,49616179
1,Pulizia generale (non specializzata) di edifici,13,1980,17,3,588,3,0,22,563,783,568,20,0,0,520,503,17,885690,19750752
2,Fabbricazione di apparecchiature elettriche ed elettroniche per autoveicoli e loro motori,13,1997,0,1,586,10,8,212,356,488,500,86,0,0,25,25,0,1000000,1100000
1,Commercio all'ingrosso di altre macchine e attrezzature per ufficio,13,1961,12,2,583,15,94,474,0,648,579,4,0,0,12,12,0,1082000,200502998
2,"Gestione di strade, ponti, gallerie",13,2006,41,1,582,5,23,464,90,623,582,0,0,0,68,68,0,91362332,320565404
1,Altre attività di intrattenimento e di divertimento nca,13,1986,1,1,580,1,1,18,560,665,20,560,0,0,1,1,0,1380000,23792997
4,Pulizia generale (non specializzata) di edifici,13,2012,1,3,575,0,0,7,568,525,539,36,0,0,545,511,34,527084,8737587
4,Raccolta di rifiuti solidi non pericolosi,13,1997,12,3,575,0,0,44,531,618,525,50,0,0,70,43,27,189117,3837967400
1,Ospedali e case di cura generici,13,1913,1,1,573,0,0,417,156,566,563,9,1,0,84,82,2,849124,67117567
2,Confezione in serie di abbigliamento esterno,13,1977,61,1,571,13,30,435,93,623,538,33,0,0,62,61,1,970426,153200342
1,Commercio al dettaglio di calzature e accessori,13,2007,66,3,570,2,0,568,0,542,370,200,0,0,0,0,0,103200,70000000
2,Raccolta di rifiuti solidi non pericolosi,13,1983,0,1,567,5,7,64,491,598,521,46,0,0,0,0,0,917165,61601608
2,"Fabbricazione di altre macchine per l'agricoltura, la silvicoltura e la zootecnia",13,1986,4,3,566,20,25,203,318,560,500,62,4,0,157,157,0,869913,450000000
2,"Fabbricazione di pitture, vernici e smalti, inchiostri da stampa e adesivi sintetici",13,1985,6,1,565,17,53,275,220,566,550,15,0,0,46,46,0,910000,10092368
3,Fabbricazione di mobili per cucina,13,1979,8,1,565,11,13,205,336,564,542,15,8,0,29,29,0,927521,172872658
2,"Fucinatura, imbutitura, stampaggio e profilatura dei metalli; metallurgia delle polveri",13,1967,32,1,564,15,22,138,389,538,500,18,46,0,11,11,0,1000055,116000000
2,Fabbricazione di medicinali e preparati farmaceutici,13,1946,1,1,559,19,78,319,143,492,510,49,0,0,10,10,0,809718,154671776
3,Produzione di alluminio e semilavorati,13,1982,1,3,559,0,4,105,450,503,422,136,0,1,14,13,1,867712,37427000
4,Catering continuativo su base contrattuale,13,2001,7,3,556,0,0,18,538,437,544,9,3,0,463,454,9,331277,27221456
3,"Commercio all'ingrosso di saponi, detersivi e altri prodotti per la pulizia",13,1989,132,1,556,0,2,40,514,511,396,158,0,2,184,153,31,850341,116385406
3,Fabbricazione di calzature,13,1975,1,1,556,6,26,160,364,548,459,51,45,1,9,9,0,1101773,223283184
1,Gelaterie e pasticcerie,13,2003,65,1,555,3,4,26,522,410,272,15,104,164,186,176,10,551046,24448689
2,Fabbricazione di vetro cavo,13,1994,3,3,554,7,13,118,416,540,539,15,0,0,0,0,0,874631,136741213
2,Trasporto terrestre di passeggeri in aree urbane e suburbane,13,1971,11,3,554,6,9,75,464,539,530,24,0,0,39,28,11,938937,8514055
2,Attività delle agenzie di fornitura di lavoro temporaneo (interinale),13,1997,151,1,553,0,22,531,0,457,442,111,0,0,42,32,10,853600,364576726
2,Ospedali e case di cura generici,13,1972,3,1,552,0,2,357,193,526,487,51,8,6,135,119,16,785956,49965558
2,Pulizia generale (non specializzata) di edifici,13,1997,0,1,548,0,0,8,540,428,480,68,0,0,505,438,67,351146,7271314
2,Fabbricazione di parti e accessori di mobili,13,1984,1,3,548,8,9,58,473,548,548,0,0,0,0,0,0,935080,169618679
1,Produzione di alluminio e semilavorati,13,1956,1,3,547,8,13,127,399,575,542,1,4,0,23,23,0,885229,159686684
1,"Fabbricazione di contatori di elettricità, gas, acqua ed altri liquidi, di bilance analitiche di pr",13,1976,19,1,545,19,46,277,203,588,540,5,0,0,26,25,1,903000,129627000
2,Pulizia generale (non specializzata) di edifici,13,1985,0,3,542,0,0,9,533,512,481,60,1,0,533,473,60,252223,4900000
4,Commercio al dettaglio di altri prodotti non alimentari nca,13,2008,57,1,541,0,2,19,520,249,209,154,178,0,20,4,16,779330,72706057
1,Fabbricazione di fibre sintetiche e artificiali,13,1965,1,1,541,21,31,139,350,488,534,7,0,0,21,21,0,823037,597197572
4,Attività dei servizi connessi al trasporto aereo,13,2000,1,1,538,0,3,227,308,441,537,1,0,0,230,230,0,613489,19598000
3,Ricerca e sviluppo sperimentale nel campo delle altre scienze naturali e dell'ingegneria,13,2012,4,1,537,13,28,496,0,537,529,8,0,0,293,288,5,92360,47493162
4,Supermercati,13,1990,29,1,537,0,0,38,499,531,524,2,5,6,152,152,0,1104480,114423551
3,"Attività riguardanti le lotterie, le scommesse, le case da gioco",13,1906,9,1,536,23,38,462,13,536,501,31,4,0,84,64,20,133226,511158837
4,Pulizia generale (non specializzata) di edifici,13,1994,1,3,535,0,1,5,529,471,480,54,1,0,500,450,50,280000,4446000
1,Altri lavori di completamento e di finitura degli edifici,13,1987,35,2,535,5,12,83,435,521,518,17,0,0,10,10,0,807007,113575670
1,Attività delle concessionarie pubblicitarie,13,1979,10,1,534,65,215,254,0,548,534,0,0,0,25,25,0,991000,1611590466
3,Intermediazione monetaria di istituti monetari diverse dalle Banche centrali,13,1956,10,1,533,25,292,216,0,544,513,20,0,0,27,27,0,956037,714893237
2,Trasporto di merci su strada,13,1983,18,2,533,21,40,447,25,371,472,49,12,0,15,13,2,812784,188554428
1,Intermediazione monetaria di istituti monetari diverse dalle Banche centrali,13,2006,21,2,532,10,141,381,0,534,531,1,0,0,18,18,0,850000,381887588
1,Fabbricazione di batterie di pile ed accumulatori elettrici,13,1988,2,2,532,11,36,95,390,561,519,13,0,0,10,8,2,1012906,233591443
1,Attività delle società di revisione e certificazione di bilanci,13,2015,16,2,532,43,64,356,69,238,441,23,68,0,32,32,0,517393,23964041
4,Riparazione e manutenzione di aeromobili e di veicoli spaziali,13,1989,1,1,531,1,23,175,332,586,531,0,0,0,0,0,0,611215,30704000
2,Fabbricazione di piastrelle in ceramica per pavimenti e rivestimenti,13,1971,2,1,531,21,27,156,327,538,529,2,0,0,23,23,0,845107,146300000
3,Supermercati,13,1969,0,3,531,2,3,198,328,531,351,66,114,0,31,31,0,161403,121864244
1,Pulizia generale (non specializzata) di edifici,13,1993,2,3,530,0,1,35,494,171,510,16,2,2,0,0,0,226100,4379966
1,Fabbricazione di apparecchiature elettriche ed elettroniche per autoveicoli e loro motori,13,1979,5,1,529,9,10,204,306,527,515,2,12,0,30,30,0,847011,88763833
2,Trasporto aereo di linea di passeggeri,13,1987,0,2,527,4,9,483,31,556,493,34,0,0,48,48,0,592105,156405408
1,Commercio all'ingrosso di articoli sportivi (incluse le biciclette),13,2001,22,2,525,12,62,449,2,558,452,73,0,0,106,85,21,811721,291582399
1,Fabbricazione di prodotti farmaceutici di base,13,1982,5,2,523,23,72,250,178,537,523,0,0,0,5,5,0,9890000,1879743991
1,"Fabbricazione di organi di trasmissione (esclusi quelli idraulici e quelli per autoveicoli, aeromobi",13,1950,2,1,520,12,0,89,419,504,514,6,0,0,9,9,0,789857,115196554
1,Fabbricazione di attrezzature di uso non domestico per la refrigerazione e la ventilazione; fabbrica,13,2003,1,1,520,6,5,58,451,552,496,5,19,0,10,10,0,937326,81391110
3,Servizi di progettazione di ingegneria integrata,13,2001,8,1,516,7,45,464,0,555,498,18,0,0,24,22,2,660276,30588257
3,Fabbricazione di poltrone e divani,13,1986,4,2,514,16,25,153,320,449,462,46,6,0,19,19,0,805933,160667000
1,"Commercio all'ingrosso di elettrodomestici, di elettronica di consumo audio e video",13,1991,1,2,510,45,183,282,0,532,459,51,0,0,18,18,0,723251,2897195843
1,"Fabbricazione di prodotti per toletta: profumi, cosmetici, saponi e simili",13,1975,3,3,509,10,13,91,395,284,483,26,0,0,35,35,0,492379,86166206
1,Produzione di pasticceria fresca,13,1982,3,1,507,11,11,139,346,571,504,3,0,0,79,78,1,718908,101900000
4,Attività delle lavanderie industriali,13,1981,0,3,507,0,0,0,507,520,507,0,0,0,0,0,0,894348,29179318
1,Fabbricazione di medicinali e preparati farmaceutici,13,1995,2,2,506,8,39,219,240,495,460,45,1,0,6,6,0,774942,547770166
1,"Produzione di fette biscottate, biscotti; prodotti di pasticceria conservati",13,1979,12,1,506,17,21,97,371,437,494,11,1,0,49,44,5,729955,162472246
3,Altre attività di pulizia,13,2009,0,3,504,0,2,5,497,509,458,46,0,0,410,377,33,9077,10638788
2,"Estrazione di ghiaia, sabbia; estrazione di argille e caolino",13,1994,1,2,503,6,50,114,333,679,450,53,0,0,10,10,0,720000,316000000
4,Fabbricazione di imballaggi in materie plastiche,13,1979,2,2,503,14,16,167,306,488,491,1,11,0,9,9,0,870000,150450000
1,Attività dei call center,13,1998,3,2,502,1,0,499,2,1616,492,0,10,0,411,411,0,2273302,92406506
2,Bar e altri esercizi simili senza cucina,13,1993,52,3,500,0,3,18,479,70,410,90,0,0,60,40,20,850000,35000000
1,Intermediazione monetaria di istituti monetari diverse dalle Banche centrali,13,1912,60,3,500,12,200,288,0,487,493,5,2,0,31,31,0,757500,83701000
1,Fabbricazione di oggetti di gioielleria ed oreficeria in metalli preziosi o rivestiti di metalli pre,13,1956,1,2,500,4,9,103,384,537,500,0,0,0,9,9,0,878653,42441000
2,Fabbricazione di altre parti ed accessori per autoveicoli e loro motori,13,1975,0,2,498,6,9,58,425,489,496,2,0,0,5,5,0,967604,127000000
1,"Commercio all'ingrosso di computer, apparecchiature informatiche periferiche e di software",13,1984,7,1,496,6,19,416,55,413,379,62,0,55,41,40,1,750593,86256962
1,Finissaggio dei tessili,13,1979,1,1,494,13,34,230,217,517,466,12,16,0,49,49,0,826154,1536547
2,Fabbricazione di mobili per cucina,13,1959,3,1,494,1,8,66,419,486,491,1,2,0,16,15,1,80128200,133079977
2,Confezione in serie di abbigliamento esterno,13,1976,4,1,493,24,40,348,81,461,493,0,0,0,24,24,0,791409,310586677
1,Ospedali e case di cura generici,13,1956,2,1,493,1,0,399,93,468,460,33,0,0,50,45,5,683007,58721257
3,"Commercio all'ingrosso di prodotti petroliferi e lubrificanti per autotrazione, di combustibili per",13,1971,4,1,492,50,169,256,17,644,490,2,0,0,12,12,0,958933,5126000000
1,Intermediari dei trasporti,13,1975,19,3,490,19,44,405,22,475,466,20,4,0,16,15,1,1159344,238000000
1,Preparazione e filatura di fibre tessili,13,1979,2,1,490,0,6,50,434,480,466,23,0,1,2,2,0,878728,222522786
1,Supermercati,13,1971,37,3,489,3,6,60,420,537,482,7,0,0,252,249,3,978000,86960000
4,Fabbricazione di macchine di impiego generale ed altro materiale meccanico nca,13,1986,1,1,488,20,24,330,114,497,475,0,13,0,2,2,0,832466,179471987
1,Intermediari dei trasporti,13,1992,20,2,487,12,75,380,20,463,453,25,9,0,14,14,0,409592,75093658
4,Fabbricazione di altre parti ed accessori per autoveicoli e loro motori,13,1990,4,3,487,9,6,84,388,460,472,11,4,0,5,5,0,625328,121777000
2,Fabbricazione di calzature,13,1998,13,1,485,31,88,359,7,552,469,16,0,0,14,14,0,664580,559356766
2,Fabbricazione di carta e cartone,13,1958,2,2,485,10,22,101,352,502,483,2,0,0,9,9,0,813349,274000000
1,Ricerca e sviluppo sperimentale nel campo delle altre scienze naturali e dell'ingegneria,13,1956,4,3,485,22,146,291,26,513,479,1,5,0,14,14,0,785806,90000000
4,Fusione di acciaio,13,1990,0,2,484,3,18,93,370,425,419,22,43,0,93,71,22,723696,53813672
1,Commercio all'ingrosso di parti e accessori di autoveicoli,13,1986,6,1,483,7,15,113,348,499,477,6,0,0,20,20,0,723897,106770000
1,Produzione di amidi e di prodotti amidacei (inclusa produzione di olio di mais),13,1961,0,2,483,11,41,186,245,474,444,39,0,0,8,8,0,757385,419264640
1,Fabbricazione di carta e cartone,13,1966,6,1,482,12,13,134,323,608,479,2,1,0,2,2,0,1088929,208818421
4,Villaggi turistici,13,2013,0,2,476,4,11,140,321,33,34,442,0,0,0,0,0,58955548,52291017
3,Fabbricazione di prodotti farmaceutici di base,13,2008,1,2,475,6,25,125,319,427,448,20,7,0,20,19,1,700168,69357880
4,Pulizia generale (non specializzata) di edifici,13,2013,30,3,474,0,3,9,462,277,460,14,0,0,416,404,12,378911,6560116
3,"Raccolta, trattamento e fornitura di acqua",13,2005,5,3,472,4,9,184,275,474,453,19,0,0,13,13,0,781562,80290953
1,Fabbricazione di altri prodotti chimici di base inorganici,13,1996,4,2,472,18,64,230,160,629,470,2,0,0,9,9,0,1150842,325056447
1,Commercio all'ingrosso di articoli medicali ed ortopedici,13,1983,1,2,471,25,100,346,0,458,448,23,0,0,10,10,0,759624,384954745
2,Commercio al dettaglio di confezioni per adulti,13,1994,16,1,471,0,0,439,32,462,451,8,6,6,62,62,0,682629,80867520
1,Installazione di macchine ed apparecchiature industriali,13,1982,18,3,470,6,9,224,231,538,432,38,0,0,11,7,4,739714,106731219
3,"Fabbricazione di saponi, detergenti e di agenti organici tensioattivi (esclusi i prodotti per tolett",13,1999,1,2,468,11,34,59,364,475,468,0,0,0,21,21,0,922370,64965918
1,Tessitura,13,1979,0,1,468,8,4,74,382,459,452,10,6,0,23,22,1,884676,79752930
1,Fabbricazione di altri prodotti in gomma,13,1963,1,2,465,8,42,108,307,419,464,0,1,0,18,18,0,751600,92404382
1,Fabbricazione di prodotti farmaceutici di base,13,1977,1,1,463,26,83,168,186,477,459,2,2,0,16,16,0,97301,130427486
1,"Fabbricazione di lastre, fogli, tubi e profilati in materie plastiche",13,1987,5,1,461,2,16,114,329,425,391,70,0,0,10,10,0,771205,106342527
3,Fabbricazione di giocattoli (inclusi i tricicli e gli strumenti musicali giocattolo),13,1972,9,1,461,11,10,136,304,435,405,43,13,0,59,56,3,500000,150000000
2,Altra stampa,13,2011,0,2,460,0,9,131,320,310,312,68,80,0,6,6,0,191000,82000000
1,Produzione di rame e semilavorati,13,1947,4,3,459,10,3,124,322,462,454,5,0,0,0,0,0,775128,502
2,Fabbricazione di mobili per cucina,13,1959,0,1,458,7,7,109,335,474,452,6,0,0,32,32,0,531350,57681000
2,"Fucinatura, imbutitura, stampaggio e profilatura dei metalli; metallurgia delle polveri",13,1967,0,3,458,0,0,29,429,444,381,77,0,0,32,32,0,216863,122000000
1,Fabbricazione di tubi e condotti saldati e simili,13,1972,0,1,458,3,7,82,366,488,451,7,0,0,2,0,2,778482,384724083
4,Altre attività di pulizia,13,1986,2,3,457,0,1,19,437,430,457,0,0,0,129,129,0,30724,21406819
2,Fabbricazione di elettrodomestici,13,1989,1,1,457,3,15,56,383,458,454,0,3,0,48,48,0,715800,107000000
2,"Fabbricazione di macchine automatiche per la dosatura, la confezione e per l'imballaggio (incluse pa",13,1954,8,1,455,13,27,264,151,411,438,16,1,0,8,8,0,759056,87173806
2,Fabbricazione di attrezzature di uso non domestico per la refrigerazione e la ventilazione; fabbrica,13,1988,6,3,455,6,19,164,266,496,451,4,0,0,12,12,0,191000,8000000000
2,Fabbricazione di altre pompe e compressori,13,1989,7,2,453,6,16,151,280,408,399,51,3,0,26,26,0,670297,92956394
3,Noleggio di autovetture ed autoveicoli leggeri,13,1974,28,2,453,13,30,410,0,419,380,73,0,0,79,63,16,515825,201849134
4,Ospedali e case di cura generici,13,1971,1,3,453,1,0,348,104,467,453,0,0,0,9,9,0,613513,53876351
1,Fornitura di vapore e aria condizionata,13,2007,8,3,452,9,24,133,286,480,406,42,4,0,33,22,11,749295,123544220
1,Costruzione di edifici residenziali e non residenziali,13,1990,3,1,452,2,5,43,402,457,389,63,0,0,3,3,0,867840,53534000
1,Produzione di calce,13,1992,13,2,452,11,29,124,288,477,437,13,2,0,18,17,1,782521,132000000
2,Fabbricazione di carta e cartone,13,2008,5,1,450,6,18,119,307,451,435,15,0,0,6,6,0,191506,147000000
2,Preparazione e concia del cuoio e pelle; preparazione e tintura di pellicce,13,1989,7,1,450,4,1,96,349,471,442,8,0,0,26,25,1,833395,222411005
1,Elaborazione dati,13,2003,8,3,449,7,16,387,39,450,344,70,35,0,88,78,10,813120,36423395
1,"Commercio all'ingrosso di altre macchine e attrezzature per l'industria, il commercio e la navigazio",13,1962,7,2,447,24,78,319,26,452,420,0,27,0,22,22,0,313740,248808183
3,Studi medici specialistici e poliambulatori,13,1999,67,1,442,5,82,355,0,179,442,0,0,0,39,39,0,292807,25069418
2,Produzione di software non connesso all'edizione,13,1985,7,2,442,17,47,378,0,313,442,0,0,0,12,12,0,183872,33299074
2,Fabbricazione di apparecchi elettrici ed elettronici per telecomunicazioni,13,1992,2,1,442,8,2,94,338,480,435,7,0,0,45,45,0,644044,50000
1,Fabbricazione di altre parti ed accessori per autoveicoli e loro motori,13,1991,3,1,442,10,24,73,335,483,440,2,0,0,12,12,0,634707,99174000
3,"Gestione di strade, ponti, gallerie",13,1961,1,1,442,6,9,387,40,999,435,7,0,0,126,119,7,600200,196936000
1,Organizzazione di convegni e fiere,13,2000,1,1,441,27,74,340,0,438,424,17,0,0,46,46,0,884596,191098308
1,Fabbricazione di altri articoli metallici e minuteria metallica,13,1973,6,1,441,10,5,147,279,427,428,11,2,0,20,20,0,74772,110445017
1,Confezioni varie e accessori per l'abbigliamento,13,2002,23,1,439,17,42,316,64,463,393,44,2,0,24,23,1,855000,181229934
3,Produzione di cemento,13,1989,45,1,439,11,7,147,274,607,438,1,0,0,1,1,0,547456,97881388
1,Altri servizi di supporto alle imprese nca,13,1966,97,3,438,5,8,346,79,421,403,33,2,0,180,158,22,592775,37271889
4,Pulizia generale (non specializzata) di edifici,13,1985,1,3,438,0,0,8,430,367,419,9,9,1,403,394,9,313873,5946367
4,Supermercati,13,1994,89,1,438,1,0,387,50,410,397,15,26,0,6,6,0,700000,92773347
2,Fabbricazione di apparecchiature fotografiche e cinematografiche,13,1989,9,2,437,3,16,111,307,436,434,3,0,0,53,53,0,664965,121592398
2,Fabbricazione di elettrodomestici,13,1997,0,2,437,5,7,65,360,405,402,35,0,0,16,16,0,652566,93934248
1,Stabilimenti termali,13,1921,8,1,434,1,14,117,302,275,144,284,6,0,18,3,15,559561,28468782
1,"Fabbricazione di macchine tessili, di macchine e di impianti per il trattamento ausiliario dei tessi",13,1993,48,1,430,1,2,29,398,392,344,65,21,0,121,102,19,599252,170456765
2,"Fabbricazione di macchine tessili, di macchine e di impianti per il trattamento ausiliario dei tessi",13,2011,0,1,429,12,24,187,206,440,417,5,7,0,12,12,0,686000,204108854
2,Edizione di riviste e periodici,13,2006,5,1,428,8,29,219,172,406,373,30,25,0,8,8,0,811000,329000000
1,Fabbricazione di altre parti ed accessori per autoveicoli e loro motori,13,1989,1,3,427,9,0,104,314,438,407,8,12,0,45,45,0,675662,122059581
2,Fabbricazione di piastrelle in ceramica per pavimenti e rivestimenti,13,1968,3,1,426,13,13,141,259,421,410,10,6,0,17,17,0,630000,130000000
1,Ospedali e case di cura generici,13,1984,4,3,425,0,0,402,23,403,407,18,0,0,50,49,1,637282,57929308
4,Trasporto terrestre di passeggeri in aree urbane e suburbane,13,1984,6,3,424,1,16,42,365,449,423,1,0,0,1,0,1,814080,23571474
2,Intermediazione monetaria di istituti monetari diverse dalle Banche centrali,13,1991,47,3,424,7,117,289,11,494,424,0,0,0,0,0,0,618750,86391
2,Fabbricazione di radiatori e contenitori in metallo per caldaie per il riscaldamento centrale,13,1986,3,1,424,3,13,76,332,478,416,6,2,0,3,3,0,646952,63800000
2,Supermercati,13,2003,17,2,423,0,1,388,34,411,351,66,6,0,172,143,29,750000,80331321
4,Fabbricazione di altre parti ed accessori per autoveicoli e loro motori,13,1989,3,2,422,16,12,126,268,428,420,2,0,0,11,10,1,685021,145353645
1,Commercio al dettaglio di articoli di pelletteria e da viaggio,13,2001,51,1,421,0,9,406,6,383,360,61,0,0,29,25,4,624382,97223000
3,Pulizia generale (non specializzata) di edifici,13,1994,1,3,421,0,0,4,417,271,389,32,0,0,421,389,32,163522,6288417
2,"Fabbricazione di macchine per l'industria alimentare, delle bevande e del tabacco (incluse parti e a",13,1990,4,2,420,12,7,237,164,416,396,23,1,0,31,31,0,686853,112924672
2,Fabbricazione di medicinali e preparati farmaceutici,13,1995,2,3,418,8,24,163,223,409,411,7,0,0,12,12,0,259589,82657644
4,Pulizia generale (non specializzata) di edifici,13,1993,2,3,418,0,1,13,404,568,417,1,0,0,404,403,1,224210,4773250
2,Trattamento e smaltimento di rifiuti non pericolosi; produzione di compost,13,2001,8,1,417,5,14,220,178,397,363,52,2,0,33,31,2,6415777,8686300
3,"Fabbricazione di aeromobili, di veicoli spaziali e dei relativi dispositivi",13,1963,3,3,417,2,12,133,270,378,417,0,0,0,0,0,0,702377,65169181
1,Commercio all'ingrosso di abbigliamento e accessori,13,1976,10,1,416,16,51,349,0,400,380,36,0,0,20,20,0,739200,234000000
1,Fabbricazione di altri prodotti in gomma,13,1975,1,2,415,6,10,80,319,422,396,19,0,0,43,43,0,622650,62701000
1,Edizione di riviste e periodici,13,1950,9,2,414,35,57,316,6,464,394,15,5,0,21,21,0,715975,145226601
1,Fabbricazione di medicinali e preparati farmaceutici,13,2006,1,2,412,10,44,175,183,432,412,0,0,0,2,2,0,646000,99330483
1,Confezione in serie di abbigliamento esterno,13,2002,60,1,411,7,27,355,22,438,411,0,0,0,32,32,0,5121,122469724
2,Alberghi,13,1967,4,3,411,0,4,34,373,467,192,196,0,23,8,7,1,769392,35498838
3,Fabbricazione di materassi,13,1984,1,3,410,0,0,30,380,410,350,60,0,0,15,15,0,685848,30000000
4,Fabbricazione di altre parti ed accessori per autoveicoli e loro motori,13,1991,0,3,409,29,19,58,303,474,408,1,0,0,0,0,0,600586,48283554
1,Preparazione o miscelazione di derivati del petrolio (esclusa la petrolchimica),13,1984,2,1,407,9,12,71,315,407,388,19,0,0,3,3,0,683671,387000000
4,Commercio al dettaglio di elettrodomestici in esercizi specializzati,13,1979,32,3,406,0,0,382,24,431,352,40,14,0,9,8,1,72000,124595235
3,"Raccolta, trattamento e fornitura di acqua",13,2001,2,1,405,5,5,132,263,404,405,0,0,0,12,12,0,724462,53675000
4,Supermercati,13,1995,12,3,402,0,1,111,290,359,368,34,0,0,126,112,14,526520,121546956
4,Alberghi,13,2004,1,2,400,1,8,46,345,367,140,250,10,0,43,8,35,470000,21767560
1,"Fabbricazione di elementi ottici e strumenti ottici di misura, controllo e precisione",13,1963,5,2,399,11,45,172,171,395,391,8,0,0,76,75,1,600000,63698241
1,Fabbricazione di altre apparecchiature elettriche,13,1959,2,2,399,15,32,182,170,415,398,1,0,0,1,1,0,680903,161101000
1,"Fabbricazione di pitture, vernici e smalti, inchiostri da stampa e adesivi sintetici",13,1915,2,2,399,26,27,158,188,416,397,2,0,0,14,14,0,6666,197114509
2,"Fabbricazione di macchine da miniera, cava e cantiere (incluse parti e accessori)",13,1979,3,3,399,15,28,153,203,421,390,9,0,0,20,20,0,526000,131000000
2,Lavorazioni preliminari alla stampa e ai media,13,1997,8,1,397,7,8,143,239,395,384,5,8,0,10,10,0,665089,152790336
1,Tessitura,13,1974,1,1,397,6,1,82,308,418,387,10,0,0,23,20,3,640000,54800000
1,Tessitura,13,1977,5,1,395,13,29,83,270,405,349,28,18,0,14,14,0,132296,112696200
1,Fabbricazione di prodotti igienico-sanitari e per uso domestico in carta e ovatta di cellulosa,13,1998,1,2,395,17,39,115,224,364,369,26,0,0,3,3,0,664999,189000000
1,Fabbricazione di serrature e cerniere e ferramenta simili,13,1962,0,1,395,10,10,105,270,398,379,16,0,0,11,10,1,637000,71000000
1,"Confezionamento di biancheria da letto, da tavola e per l'arredamento",13,1969,46,1,395,5,14,228,148,465,355,40,0,0,127,92,35,541482,60766000
1,Tessitura,13,1990,2,3,394,3,19,80,292,357,388,3,3,0,9,9,0,490180,80350000
2,Edizione di libri,13,1968,33,1,393,26,60,236,71,260,330,63,0,0,42,42,0,574455,142223348
2,Fabbricazione di articoli in materie tessili nca,13,1974,3,2,393,7,10,93,283,381,314,69,10,0,11,11,0,245623,55257332
1,Altra stampa,13,1981,1,2,391,7,8,73,303,282,383,8,0,0,15,15,0,450486,72680697
1,Commercio all'ingrosso di medicinali,13,1994,6,1,390,2,9,379,0,384,374,16,0,0,51,51,0,594300,450000000
2,Altra stampa,13,1976,28,1,390,6,6,268,110,400,300,85,5,0,120,90,30,580000,62987197
1,Lavorazione e conservazione di frutta e di ortaggi (esclusi i succhi di frutta e di ortaggi),13,1984,1,3,389,9,3,93,284,286,281,108,0,0,24,21,3,568303,101523
1,Consulenza nel settore delle tecnologie dell'informatica,13,2008,7,3,388,26,76,229,57,277,324,7,57,0,14,14,0,383021,23826805
1,Servizi di vigilanza privata,13,1973,0,3,387,0,2,1,384,365,387,0,0,0,52,52,0,840395,22436753
4,Produzione di alluminio e semilavorati,13,1957,2,1,386,13,5,161,207,373,386,0,0,0,1,1,0,667396,203927606
3,Fabbricazione di altri articoli metallici e minuteria metallica,13,2011,2,1,384,1,6,96,281,391,384,0,0,0,3,3,0,512903,38149149
1,Altri trasporti terrestri di passeggeri nca,13,2002,4,1,384,2,3,40,339,387,362,22,0,0,54,53,1,687000,30032000
2,Fabbricazione di parti ed accessori per biciclette,13,1981,0,1,384,12,18,133,221,387,374,9,0,1,37,37,0,622000,115368064
4,Fabbricazione di altre pompe e compressori,13,2005,0,2,381,1,5,27,348,261,336,45,0,0,0,0,0,134775,12000000
2,Farmacie,13,1997,62,3,381,1,19,76,285,382,367,13,1,0,293,293,0,596500,14823887
3,Intermediazione monetaria di istituti monetari diverse dalle Banche centrali,13,1991,60,3,381,2,99,277,3,400,381,0,0,0,26,26,0,555938,74349000
2,"Altre attività professionali, scientifiche e tecniche nca",13,1976,0,3,380,1,15,336,28,348,303,36,41,0,19,19,0,577308,30735608
1,Consulenza imprenditoriale e altra consulenza amministrativo-gestionale e pianificazione aziendale,13,1958,4,1,380,22,33,315,10,389,328,22,30,0,18,18,0,608204,36672496
3,Ospedali e case di cura per lunga degenza,13,1992,2,1,379,1,9,322,47,391,376,3,0,0,47,47,0,731952,28037082
3,Raccolta di rifiuti solidi non pericolosi,13,2001,15,1,379,3,4,109,263,385,379,0,0,0,2,2,0,618869,65984252
2,Fabbricazione di altre apparecchiature elettriche,13,1998,3,2,379,17,33,148,181,398,358,21,0,0,18,18,0,627417,116322700
2,Confezione in serie di abbigliamento esterno,13,1992,10,1,378,8,18,248,104,400,351,27,0,0,1,1,0,603200,847389030
3,Altre attività dei servizi connessi alle tecnologie dell'informatica,13,2000,4,3,378,0,5,303,70,203,300,14,64,0,80,79,1,39916,18066095
1,Intermediazione monetaria di istituti monetari diverse dalle Banche centrali,13,1936,21,3,378,20,163,191,4,362,371,7,0,0,12,12,0,580213,78583514
1,Fabbricazione di accessori e pezzi staccati per motocicli e ciclomotori,13,1933,1,3,376,1,11,109,255,306,328,48,0,0,34,34,0,600000,67000000
1,"Commercio al dettaglio di prodotti vari, mediante l'intervento di un dimostratore o di un incaricato",13,1966,2,3,376,17,38,225,96,390,356,20,0,0,86,79,7,574256,153016189
1,Trasporto di merci su strada,13,1975,84,3,376,4,34,329,9,306,300,70,6,0,23,23,0,588860,140779999
1,Tessitura,13,1971,10,3,375,11,5,137,222,336,307,68,0,0,28,21,7,585159,77916660
4,"Gestione di strade, ponti, gallerie",13,1925,1,1,374,2,15,324,33,375,373,0,1,0,39,39,0,594198,75187327
3,Servizi di disinfestazione,13,1990,8,2,373,3,10,181,179,308,342,31,0,0,18,16,2,539272,35046768
2,Fabbricazione di piastrelle in ceramica per pavimenti e rivestimenti,13,1968,5,3,373,4,25,103,241,469,365,5,3,0,3,3,0,562968,75889155
1,Fabbricazione di altri prodotti in gomma,13,1995,96,2,372,8,29,75,260,381,369,3,0,0,3,3,0,574043,113705268
1,Fabbricazione di articoli di bulloneria,13,1966,0,1,371,3,4,48,316,434,356,15,0,0,0,0,0,767483,150532295
1,Produzione di altri prodotti alimentari nca,13,1980,0,2,371,14,38,207,112,367,354,17,0,0,32,32,0,577964,255989023
4,Riparazione e manutenzione di altre macchine di impiego generale,13,1952,1,3,371,0,4,70,297,371,297,74,0,0,2,2,0,640000,40000000
1,Attività dei call center,13,2002,8,3,370,7,18,344,1,327,363,6,1,0,192,192,0,462413,46640873
2,Preparazione e concia del cuoio e pelle; preparazione e tintura di pellicce,13,2005,3,1,370,2,15,40,313,300,310,60,0,0,4,4,0,9900100,150000000
1,Produzione di preparati omogeneizzati e di alimenti dietetici,13,1984,2,1,369,9,5,98,257,313,358,11,0,0,4,4,0,532682,93774604
2,Lavorazione e trasformazione del vetro piano,13,1977,10,1,369,6,8,83,272,368,369,0,0,0,10,10,0,623805,36272642
2,Fabbricazione di attrezzature di uso non domestico per la refrigerazione e la ventilazione; fabbrica,13,1970,1,1,369,3,7,56,303,360,338,31,0,0,80,74,6,562585,51263947
1,"Fucinatura, imbutitura, stampaggio e profilatura dei metalli; metallurgia delle polveri",13,1980,2,3,367,10,20,148,189,367,0,367,0,0,0,0,0,413870,137895626
1,Ospedali e case di cura generici,13,1991,0,1,367,0,0,282,85,364,349,18,0,0,48,48,0,517798,51839604
3,Trasporto aereo di linea di passeggeri,13,2000,2,1,367,0,3,364,0,334,341,26,0,0,23,23,0,217440,130991337
2,Supermercati,13,1986,20,1,367,0,1,366,0,365,320,23,24,0,60,60,0,35557896,150000000
2,Fabbricazione di altre parti ed accessori per autoveicoli e loro motori,13,2008,16,1,366,9,2,117,238,350,365,1,0,0,16,16,0,585523,124566049
3,"Raccolta, trattamento e fornitura di acqua",13,2004,27,1,366,8,8,191,159,420,358,8,0,0,9,9,0,617174,75153196
1,Fusione di metalli leggeri,13,1989,1,2,366,9,13,71,273,364,364,2,0,0,9,9,0,794389,83379395
1,"Fabbricazione di mobili per uso medico, apparecchi medicali per diagnosi, di materiale medico-chirur",13,1949,1,1,366,14,34,129,189,382,361,3,2,0,3,2,1,636623,86334189
1,Trasporto terrestre di passeggeri in aree urbane e suburbane,13,1971,1,2,364,2,7,24,331,372,346,18,0,0,55,53,2,623203,34898127
3,Lavorazione e trasformazione del vetro piano,13,1922,11,2,364,17,43,152,152,363,359,1,4,0,6,6,0,406591,45363730
2,"Fabbricazione di motori, generatori e trasformatori elettrici",13,1980,1,1,363,4,3,63,293,363,358,4,1,0,28,27,1,584350,96882000
1,Trasporto terrestre di passeggeri in aree urbane e suburbane,13,1990,0,2,362,2,9,36,315,384,335,27,0,0,4,2,2,534000,35277000
3,"Fabbricazione di pitture, vernici e smalti, inchiostri da stampa e adesivi sintetici",13,1976,6,3,362,7,23,188,144,345,323,39,0,0,9,9,0,585000,97101075
3,Commercio all'ingrosso di articoli per l'illuminazione; materiale elettrico vario per uso domestico,13,2007,21,1,361,0,2,185,174,319,348,11,2,0,19,16,3,535394,91617289
2,"Fabbricazione di pitture, vernici e smalti, inchiostri da stampa e adesivi sintetici",13,1966,6,2,360,13,29,116,202,353,320,40,0,0,4,4,0,587386,90000000
2,Commercio al dettaglio di calzature e accessori,13,1984,21,1,360,0,0,360,0,354,355,5,0,0,66,61,5,720000,87352267
3,Fabbricazione di calzature,13,1996,44,3,359,1,1,90,267,348,293,49,16,1,3,1,2,564506,203835842
4,Intermediazione monetaria di istituti monetari diverse dalle Banche centrali,13,1993,1,1,358,5,0,29,324,348,358,0,0,0,3,3,0,599572,73892000
2,Fabbricazione di imballaggi in materie plastiche,13,2002,2,1,358,7,2,86,263,349,358,0,0,0,16,16,0,581188,201673906
1,Altre attività di ricerca e sviluppo sperimentale nel campo delle scienze naturali e dell'ingegneri,13,1994,0,2,357,8,101,248,0,267,332,25,0,0,11,11,0,474290,44677126
1,Intermediari del commercio di prodotti farmaceutici e di cosmetici,13,1994,0,2,357,8,101,248,0,267,324,25,8,0,11,11,0,474290,44677126
1,"Fabbricazione di pitture, vernici e smalti, inchiostri da stampa e adesivi sintetici",13,1910,6,1,357,19,38,183,117,342,338,14,5,0,0,0,0,566423,89565799
3,Produzione di software non connesso all'edizione,13,1982,5,1,356,26,100,223,7,394,347,2,7,0,34,34,0,541977,38516180
2,Fabbricazione di macchine per la stampa e la legatoria (incluse parti e accessori),13,1987,1,2,356,16,28,246,66,386,349,6,1,0,19,19,0,600000,148741209
2,Discount di alimentari,13,1995,45,3,356,0,1,311,44,301,280,47,28,1,218,189,29,401317,65284707
1,Tessitura,13,1980,0,3,356,15,12,76,253,356,352,4,0,0,17,17,0,629754,115700000
3,Produzione di software non connesso all'edizione,13,1979,9,1,356,0,1,347,8,304,307,49,0,0,94,87,7,504937,20682446
1,Fabbricazione di attrezzature ed articoli di vestiario protettivi di sicurezza,13,1967,3,1,354,8,23,71,252,344,353,0,1,0,0,0,0,459863,41531919
2,"Raccolta, trattamento e fornitura di acqua",13,2001,1,3,353,0,18,161,174,380,353,0,0,0,9,9,0,525463,90000000
1,Fabbricazione di medicinali e preparati farmaceutici,13,2008,1,1,353,31,75,127,120,321,325,26,2,0,14,14,0,557940,523000000
2,Altre attività dei servizi di informazione nca,13,1986,0,1,352,2,1,3,346,223,180,136,0,36,213,122,91,348187,5964172
2,Fabbricazione di calzature,13,1980,6,1,352,2,8,184,158,283,283,69,0,0,11,10,1,522518,127103109
3,"Commercio all'ingrosso di prodotti petroliferi e lubrificanti per autotrazione, di combustibili per",13,1987,33,1,351,8,24,89,230,363,340,11,0,0,14,14,0,661579,442510562
4,Trasporto marittimo e costiero di merci,13,2001,0,1,351,35,1,135,180,350,350,1,0,0,0,0,0,439314,27574858
3,Servizi di vigilanza privata,13,1982,3,1,351,0,1,11,339,253,321,30,0,0,2,2,0,581820,20294536
3,Assicurazioni diverse da quelle sulla vita,13,1992,12,2,350,11,68,271,0,352,339,11,0,0,23,23,0,537431,987230660
1,Fabbricazione di altri prodotti in gomma,13,1971,0,1,350,18,32,120,180,360,340,10,0,0,2,2,0,527450,97000000
1,Servizi di progettazione di ingegneria integrata,13,1978,14,1,350,5,6,337,2,289,302,48,0,0,12,8,4,525161,24477164
1,Fabbricazione di macchine utensili per la formatura dei metalli (incluse parti e accessori ed esclus,13,1971,5,1,350,17,44,194,95,341,337,8,5,0,9,9,0,642326,9801668
4,Fabbricazione di altre parti ed accessori per autoveicoli e loro motori,13,1983,3,3,350,0,2,57,291,265,311,29,10,0,5,5,0,441612,39747000
3,Fabbricazione di computer e unità periferiche,13,1999,11,2,348,11,8,224,105,290,276,67,5,0,8,8,0,537864,36514908
2,Lavorazione e conservazione di frutta e di ortaggi (esclusi i succhi di frutta e di ortaggi),13,1948,2,3,348,3,10,99,236,266,269,79,0,0,11,10,1,489464,111498481
1,"Fabbricazione di macchine tessili, di macchine e di impianti per il trattamento ausiliario dei tessi",13,1961,1,1,348,6,3,107,232,412,347,0,1,0,12,12,0,701968,56780678
2,Fabbricazione di piastrelle in ceramica per pavimenti e rivestimenti,13,1976,0,1,346,7,15,116,208,297,305,20,21,0,23,23,0,470000,130000000
2,"Fabbricazione di porte, finestre e loro telai, imposte e cancelli metallici",13,2005,2,3,343,2,7,59,275,336,243,99,1,0,8,8,0,382000,64580853
2,Fabbricazione di autoveicoli,13,1978,2,1,343,11,37,156,139,332,332,6,5,0,12,12,0,553000,95215000
1,Fabbricazione di articoli in materie tessili nca,13,1969,1,3,343,7,4,62,270,356,334,7,2,0,37,36,1,503495,74917039
2,Attività di pulizia specializzata di edifici e di impianti e macchinari industriali,13,1974,0,3,343,0,0,5,338,326,6,337,0,0,330,0,330,228450,4474373
1,Attività dei call center,13,2005,1,2,342,1,26,315,0,329,342,0,0,0,172,172,0,499095,19518208
2,Altre attività di pulizia,13,1976,0,3,342,0,2,3,337,309,305,37,0,0,319,284,35,332258,7227767
2,Fabbricazione di altri prodotti in gomma,13,1980,1,1,342,6,14,82,240,328,315,25,2,0,22,20,2,546121,61515000
1,Intermediari dei trasporti,13,1974,9,3,341,10,12,310,9,327,307,25,9,0,8,8,0,620348,45405112
2,Fabbricazione di macchine per l'industria delle materie plastiche e della gomma (incluse parti e acc,13,1989,3,1,340,9,13,142,176,368,324,16,0,0,17,8,9,635796,83637548
1,Fabbricazione di apparecchiature fluidodinamiche,13,2005,1,2,339,7,19,74,239,323,298,15,26,0,5,5,0,555910,79208016
1,"Fabbricazione di stoviglie, pentolame, vasellame, attrezzi da cucina e accessori casalinghi non elet",13,1921,4,1,339,10,7,167,155,350,338,1,0,0,47,46,1,510000,86107000
1,"Gestione di strade, ponti, gallerie",13,1960,19,1,339,7,6,278,48,339,339,0,0,0,69,69,0,519141,158366000
2,Lavori di meccanica generale,13,1988,7,1,338,6,13,111,208,364,329,8,1,0,8,8,0,591569,202000000
1,Altri lavori di costruzione e installazione,13,2002,15,2,338,3,22,125,188,321,290,40,8,0,17,12,5,694910,42958578
1,Intermediazione monetaria di istituti monetari diverse dalle Banche centrali,13,1936,76,1,338,5,40,293,0,351,330,8,0,0,20,20,0,105552000,3061000
2,Fabbricazione di articoli sanitari in ceramica,13,1966,3,2,337,1,4,36,296,377,337,0,0,0,4,4,0,449460,44000000
4,Ospedali e case di cura generici,13,1971,1,3,337,0,0,250,87,318,332,5,0,0,68,66,2,358079,21767260
1,"Fabbricazione di lastre, fogli, tubi e profilati in materie plastiche",13,1980,9,2,337,8,15,81,233,367,331,5,1,0,8,8,0,591803,75949809
2,Fabbricazione di piastrelle in ceramica per pavimenti e rivestimenti,13,1980,2,3,337,8,20,71,238,336,331,6,0,0,5,5,0,531767,91981405
2,"Fabbricazione di lastre, fogli, tubi e profilati in materie plastiche",13,1965,1,3,337,11,20,120,186,312,317,20,0,0,3,3,0,516990,80300000
1,Fabbricazione di altri rubinetti e valvole,13,1998,0,1,336,7,8,90,231,326,336,0,0,0,30,30,0,580000,78515000
2,Fabbricazione di altre apparecchiature elettriche,13,1983,4,2,336,11,25,210,90,341,325,11,0,0,15,10,5,537600,85000000
2,Commercio all'ingrosso di altri prodotti alimentari,13,1977,9,1,336,1,2,174,159,363,315,21,0,0,55,55,0,582157,179249054
1,Assicurazioni diverse da quelle sulla vita,13,1963,24,1,335,11,47,277,0,353,334,1,0,0,10,10,0,452528,350188351
1,Produzione di alluminio e semilavorati,13,1977,1,1,335,4,1,97,233,335,314,21,0,0,12,12,0,429100,412000000
3,Produzione di energia elettrica,13,1961,2,3,335,8,0,101,226,333,334,1,0,0,3,3,0,5500000,5000000
2,Fabbricazione di prodotti vari in legno (esclusi i mobili),13,1954,8,3,335,3,0,32,300,341,325,10,0,0,18,18,0,554811,22
1,Alberghi,13,2003,1,3,333,5,8,98,222,328,297,36,0,0,47,39,8,498299,42174361
2,Fabbricazione di prodotti cartotecnici,13,2003,2,1,333,5,9,48,271,324,331,2,0,0,16,16,0,98621,52450895
2,Fabbricazione di attrezzature di uso non domestico per la refrigerazione e la ventilazione; fabbrica,13,1982,9,2,333,4,11,113,205,325,326,7,0,0,17,17,0,525601,35711251
2,"Fabbricazione di cisterne, serbatoi e contenitori in metallo per impieghi di stoccaggio o di produzi",13,1978,4,3,331,7,0,88,236,215,206,125,0,0,0,0,0,440996,55800000
1,Commercio all'ingrosso e al dettaglio di altri autoveicoli,13,1977,6,2,331,5,42,235,49,293,326,5,0,0,15,15,0,508212,107651227
1,Fabbricazione di articoli di calzetteria in maglia,13,1996,1,1,330,4,13,152,161,434,309,21,0,0,70,57,13,556303,72322000
2,Fabbricazione di carta e cartone,13,1986,1,2,330,5,11,69,245,330,315,14,1,0,8,8,0,657216,161990497
2,Fabbricazione di prodotti in calcestruzzo per l'edilizia,13,1963,14,2,330,11,30,112,177,343,318,12,0,0,18,14,4,462815,74200000
1,Commercio all'ingrosso di mezzi ed attrezzature di trasporto,13,1977,0,1,329,5,17,94,213,329,305,15,9,0,3,3,0,950000,74000000
1,Commercio all'ingrosso apparecchiature elettroniche per telecomunicazioni e componenti elettronici,13,1954,7,2,328,16,68,244,0,322,315,13,0,0,25,25,0,72160,280066727
2,Costruzione di linee ferroviarie e metropolitane,13,1998,8,2,326,5,17,50,254,295,273,53,0,0,2,2,0,736800,102358914
1,Altri servizi di supporto alle imprese nca,13,1996,7,2,326,13,33,280,0,305,286,40,0,0,20,20,0,657216,1104978841
2,"Produzione di fette biscottate, biscotti; prodotti di pasticceria conservati",13,1968,2,1,326,7,14,65,240,328,310,14,2,0,25,25,0,554000,96876000
1,Fabbricazione di macchine utensili per la formatura dei metalli (incluse parti e accessori ed esclus,13,2004,5,2,325,9,19,118,179,304,290,17,18,0,8,8,0,530000,86186789
3,Pulizia generale (non specializzata) di edifici,13,2005,1,3,325,0,0,8,317,278,283,12,30,0,295,283,12,197426,4631375
2,"Fabbricazione di stoviglie, pentolame, vasellame, attrezzi da cucina e accessori casalinghi non elet",13,2008,2,1,325,5,11,55,254,284,301,24,0,0,14,14,0,510403,82853357
2,Raccolta di rifiuti solidi non pericolosi,13,1996,2,1,325,1,1,19,304,263,317,8,0,0,5,5,0,505853,46264290
3,Confezione in serie di abbigliamento esterno,13,1982,3,3,325,1,8,65,251,322,257,11,57,0,43,42,1,511888,71000000
2,"Fabbricazione di contatori di elettricità, gas, acqua ed altri liquidi, di bilance analitiche di pr",13,1988,0,2,325,4,11,108,202,332,325,0,0,0,32,32,0,530000,22698540
2,Fabbricazione di robot industriali per usi molteplici (incluse parti e accessori),13,1999,7,3,324,14,16,243,51,293,298,9,17,0,10,10,0,54035375,87189200
4,Intermediazione monetaria di istituti monetari diverse dalle Banche centrali,13,1992,48,1,324,0,91,225,8,343,321,0,3,0,14,14,0,490128,14245408
2,"Fabbricazione di stoviglie, pentolame, vasellame, attrezzi da cucina e accessori casalinghi non elet",13,1964,0,2,323,10,17,72,224,368,322,1,0,0,11,11,0,542970,90921000
1,Consulenza nel settore delle tecnologie dell'informatica,13,1986,4,1,322,3,37,252,30,288,284,8,30,0,9,9,0,503806,23625161
1,Trasporto terrestre di passeggeri in aree urbane e suburbane,13,2002,1,1,322,6,0,63,253,341,253,69,0,0,15,13,2,554503,29785361
4,Raccolta di rifiuti solidi non pericolosi,13,2008,6,3,321,1,0,8,312,286,304,17,0,0,63,46,17,1584,17588222
1,Fabbricazione di tessuti a maglia,13,1962,0,1,321,4,8,99,210,315,314,7,0,0,24,23,1,482494,96093366
2,Fabbricazione di altri mobili per ufficio e negozi,13,2008,4,1,320,4,4,103,209,279,297,23,0,0,13,13,0,503386,45372686
3,Fabbricazione di calzature,13,1972,30,1,320,1,8,86,225,417,294,26,0,0,45,36,9,545000,89645
2,Fabbricazione di piastrelle in ceramica per pavimenti e rivestimenti,13,1968,8,3,319,5,0,110,204,314,299,9,11,0,3,3,0,489403,89158068
2,Fabbricazione di molle,13,1979,1,1,318,3,6,83,226,278,289,15,14,0,10,10,0,964684,54842599
1,Fabbricazione di altre parti ed accessori per autoveicoli e loro motori,13,1990,0,2,317,9,16,108,184,295,315,2,0,0,10,10,0,519980,79993962
1,Fabbricazione di apparecchiature per illuminazione,13,1978,2,1,316,1,8,61,246,319,314,2,0,0,2,2,0,635632,83172198
1,Fabbricazione di medicinali e preparati farmaceutici,13,1968,0,3,313,7,31,197,78,304,295,18,0,0,13,13,0,483008,85200000
2,Tessitura,13,1974,0,1,313,9,7,86,211,318,310,3,0,0,38,38,0,453881,103000000
1,Altra stampa,13,1913,3,1,312,7,6,64,235,435,312,0,0,0,0,0,0,458703,40656832
3,Fabbricazione di carta e cartone ondulato e di imballaggi di carta e cartone (esclusi quelli in cart,13,1984,2,3,312,0,0,12,300,252,278,34,0,0,0,0,0,549120,2000000
4,Fabbricazione di altre parti ed accessori per autoveicoli e loro motori,13,1986,1,3,312,5,0,108,199,236,231,27,54,0,7,7,0,472130,93000000
2,Costruzione di opere di pubblica utilità per il trasporto di fluidi,13,1971,5,3,312,1,8,100,203,312,237,75,0,0,6,6,0,625484,6571894
1,"Fabbricazione di macchine automatiche per la dosatura, la confezione e per l'imballaggio (incluse pa",13,1970,1,2,311,10,10,114,177,320,302,8,1,0,9,9,0,497938,68000000
2,Fusione di ghisa e produzione di tubi e raccordi in ghisa,13,1946,2,1,311,0,0,49,262,352,305,5,1,0,1,1,0,467896,65000000
1,Fabbricazione di serrature e cerniere e ferramenta simili,13,1971,3,3,310,5,2,131,172,342,310,0,0,0,50,50,0,450915,48000000
2,Fabbricazione di robot industriali per usi molteplici (incluse parti e accessori),13,2008,5,1,310,2,34,229,45,230,278,28,4,0,0,0,0,462154,131192389
1,Fabbricazione di altri rubinetti e valvole,13,2006,4,3,310,5,8,137,160,237,310,0,0,0,0,0,0,620139,76736069
1,Fabbricazione di attrezzature di uso non domestico per la refrigerazione e la ventilazione; fabbrica,13,1963,2,2,310,17,18,128,147,305,295,15,0,0,11,11,0,487079,87067208
1,Commercio all'ingrosso di prodotti chimici,13,1991,1,2,308,26,88,149,45,313,263,45,0,0,4,4,0,574910,241228766
1,Attivit? di riassicurazione,13,1989,20,1,308,9,23,273,3,312,290,10,8,0,23,23,0,31802,138447734
1,"Laboratori di analisi cliniche, laboratori radiografici ed altri centri di diagnostica per immagini",13,1971,21,1,308,2,16,290,0,296,273,35,0,0,73,68,5,462052,84661815
2,Ospedali e case di cura specialistici,13,2003,0,3,307,2,0,301,4,284,276,31,0,0,33,31,2,27409314,27409314
1,Fabbricazione di oggetti di gioielleria ed oreficeria in metalli preziosi o rivestiti di metalli pre,13,1991,19,1,307,7,15,263,22,271,270,37,0,0,56,52,4,521736,144532235
2,Attività delle holding impegnate nelle attività gestionali (holding operative),13,1981,2,1,307,2,4,84,217,22,296,6,5,0,0,0,0,144522,44279767
3,Intermediazione monetaria di istituti monetari diverse dalle Banche centrali,13,1992,37,1,307,0,76,231,0,310,307,0,0,0,50,50,0,338400,40108278
3,Confezione in serie di abbigliamento esterno,13,1973,21,1,307,2,2,172,131,247,212,95,0,0,52,45,7,377177,69438706
1,Mense,13,2004,68,3,306,0,1,17,288,209,245,61,0,0,270,210,60,265169,9779473
1,Tessitura,13,1976,1,3,306,3,6,60,237,311,294,12,0,0,26,26,0,522480,57138594
3,Ristorazione con somministrazione,13,1994,2,2,305,1,10,294,0,277,217,88,0,0,93,66,27,456000,29819050
4,"Fabbricazione di motori, generatori e trasformatori elettrici",13,2009,1,1,305,6,17,120,162,300,303,2,0,0,0,0,0,56826,92567025
2,Leasing finanziario,13,1986,27,2,305,8,123,174,0,330,287,18,0,0,16,7,9,505532,56508527
1,Fabbricazione di prodotti igienico-sanitari e per uso domestico in carta e ovatta di cellulosa,13,1972,0,3,305,7,5,60,233,312,298,3,4,0,22,20,2,518980,83727574
2,"Fabbricazione di strumenti per irradiazione, apparecchiature elettromedicali ed elettroterapeutiche",13,2009,6,3,304,10,23,134,137,295,300,3,1,0,12,12,0,42633,99278277
1,Servizi di progettazione di ingegneria integrata,13,1930,3,1,304,19,94,161,30,402,294,3,7,0,3,3,0,608953,51227764
1,Lavori di meccanica generale,13,1976,3,2,303,5,11,133,154,311,290,6,7,0,11,11,0,180853,78225059
1,"Siderurgia - Fabbricazione di ferro, acciaio e ferroleghe",13,1996,2,2,303,10,14,75,204,303,297,6,0,0,8,8,0,394484,170719401
3,Movimento merci relativo a trasporti marittimi e fluviali,13,1996,0,1,303,7,8,150,138,304,299,3,1,0,13,13,0,454620,40513751
1,Fabbricazione di imballaggi in materie plastiche,13,1997,0,1,302,10,22,61,209,308,300,2,0,0,19,17,2,464712,51473000
3,Costruzione di linee ferroviarie e metropolitane,13,1970,13,1,302,44,26,137,95,271,292,9,1,0,5,5,0,549448,243959514
2,Fabbricazione di trattori agricoli,13,1961,0,3,302,2,10,95,195,299,290,11,1,0,12,11,1,458155,68833295
4,Pulizia generale (non specializzata) di edifici,13,1982,0,3,301,0,0,12,289,251,301,0,0,0,28,28,0,422353,10527142
1,"Gestione di strade, ponti, gallerie",13,1954,11,1,301,7,6,256,32,305,298,2,1,0,44,42,2,465074,136203052
1,"Commercio al dettaglio di articoli di profumeria, prodotti per toletta e per l'igiene personale",13,1998,30,1,300,2,0,298,0,312,300,0,0,0,120,120,0,455600,15438441
1,Trafilatura a freddo,13,1981,5,2,300,6,13,105,176,297,285,8,7,0,7,5,2,502102,91105223
1,Fabbricazione di apparecchiature fluidodinamiche,13,2001,1,1,299,4,8,80,207,286,297,0,2,0,24,24,0,483707,49912646
2,"Produzione di fette biscottate, biscotti; prodotti di pasticceria conservati",13,1997,2,2,298,0,4,30,264,254,243,55,0,0,117,66,51,390697,44020371
4,Mense,13,1990,3,3,298,0,0,5,293,310,271,17,10,0,284,267,17,69776,6058883
3,Commercio al dettaglio di calzature e accessori,13,1988,30,1,298,0,0,298,0,282,258,40,0,0,44,39,5,411646,66838150
2,Fabbricazione di piastrelle in ceramica per pavimenti e rivestimenti,13,1979,0,1,298,3,7,90,198,324,293,5,0,0,9,9,0,441000,51025000
1,Altra stampa,13,1976,4,1,297,6,7,76,208,307,292,5,0,0,1,1,0,557922,132500530
4,"Commercio al dettaglio di ferramenta, vernici, vetro piano e materiale elettrico e termoidraulico",13,1995,9,1,297,2,7,143,145,312,295,2,0,0,26,26,0,627640,93985567
4,Altri lavori di completamento e di finitura degli edifici,13,1986,0,3,297,8,11,165,113,304,295,2,0,0,11,11,0,494028,57063803
2,Ospedali e case di cura generici,13,1965,0,3,297,0,0,285,12,293,288,9,0,0,28,26,2,444701,35000000
1,Produzione di carne di volatili e prodotti della loro macellazione (attivit? dei mattatoi),13,1967,10,3,297,5,0,20,272,270,173,124,0,0,25,25,0,400879,22957864
4,Altri trasporti terrestri di passeggeri nca,13,2000,7,1,296,1,8,30,257,330,296,0,0,0,0,0,0,550884,28224184
4,Riparazione e manutenzione di aeromobili e di veicoli spaziali,13,2010,9,1,296,1,8,64,223,331,295,1,0,0,9,8,1,578000,373440000
4,Trasporto terrestre di passeggeri in aree urbane e suburbane,13,1972,0,3,296,4,6,43,243,298,295,1,0,0,0,0,0,470964,15500000
1,"Laboratori di analisi cliniche, laboratori radiografici ed altri centri di diagnostica per immagini",13,1980,17,3,296,2,6,288,0,300,288,8,0,0,115,110,5,540000,38200000
3,Magazzini di custodia e deposito per conto terzi,13,1981,8,3,295,2,9,256,28,235,267,17,11,0,45,45,0,394956,16649327
2,Confezione in serie di abbigliamento esterno,13,1964,1,3,294,3,5,38,248,301,270,24,0,0,51,51,0,417880,19264000
2,Fabbricazione di apparecchi elettrici ed elettronici per telecomunicazioni,13,1982,5,3,293,16,46,198,33,328,290,1,2,0,15,14,1,471550,52625000
2,"Commercio al dettaglio in esercizi non specializzati di computer, periferiche, attrezzature per le t",13,2002,19,1,293,0,0,53,240,293,195,96,2,0,4,4,0,527400,95303083
1,"Fabbricazione di mobili per uso medico, apparecchi medicali per diagnosi, di materiale medico-chirur",13,1972,0,1,292,8,6,103,175,256,281,10,1,0,3,3,0,400086,42684578
2,Fabbricazione di mobili per arredo domestico,13,1976,1,3,291,1,0,73,217,285,291,0,0,0,10,10,0,533000,65500000
2,Ospedali e case di cura generici,13,1981,1,1,291,1,0,256,34,295,278,13,0,0,24,24,0,411232,46715521
1,"Altre attività professionali, scientifiche e tecniche nca",13,1957,6,1,291,23,20,232,16,292,271,4,16,0,29,29,0,443000,55301393
4,Raccolta di rifiuti solidi non pericolosi,13,2008,0,3,290,0,0,290,0,200,290,0,0,0,0,0,0,450000,9000000
1,Fabbricazione di prodotti farmaceutici di base,13,1993,11,2,290,9,27,104,150,236,278,12,0,0,0,0,0,386800,61885112
1,Fabbricazione di bilance e di macchine automatiche per la vendita e la distribuzione (incluse parti,13,1987,4,2,290,6,12,80,192,280,270,20,0,0,16,16,0,1044000,43000000
1,Lavorazione e conservazione di frutta e di ortaggi (esclusi i succhi di frutta e di ortaggi),13,1991,9,1,290,7,7,86,190,292,289,1,0,0,27,27,0,483476,113320000
4,Raccolta di rifiuti solidi non pericolosi,13,1989,1,3,289,1,0,20,268,289,289,0,0,0,43,43,0,19000,15000000
1,"Fabbricazione di ombrelli, bottoni, chiusure lampo, parrucche e affini",13,1969,1,2,288,3,22,108,155,281,267,21,0,0,9,8,1,463157,85002118
2,Commercio al dettaglio di calzature e accessori,13,1991,17,3,288,0,0,288,0,269,285,3,0,0,36,33,3,391676,70902532
3,Commercio di altri autoveicoli,13,1969,4,3,287,11,12,167,97,278,277,2,8,0,19,19,0,471000,205837094
1,"Fabbricazione di lastre, fogli, tubi e profilati in materie plastiche",13,1969,1,2,287,9,26,94,158,272,271,16,0,0,27,24,3,45200672,56266035
1,Fabbricazione di parti in cuoio per calzature,13,2009,1,2,286,6,20,111,149,295,278,8,0,0,0,0,0,407486,43428491
3,Fabbricazione di altri mobili per ufficio e negozi,13,1977,5,1,286,2,10,117,157,278,280,6,0,0,2,2,0,576000,42603000
2,Produzione di energia elettrica,13,1970,4,1,286,9,23,196,58,275,283,3,0,0,16,16,0,422681,98066233
4,"Fabbricazione di pullover, cardigan ed altri articoli simili a maglia",13,1952,2,1,286,8,0,47,231,259,262,24,0,0,24,23,1,468458,39733000
1,"Fabbricazione di pitture, vernici e smalti, inchiostri da stampa e adesivi sintetici",13,1926,4,1,285,7,55,109,114,250,277,8,0,0,22,22,0,42197,88096472
3,Trattamento e rivestimento dei metalli,13,1969,0,3,285,1,0,61,223,279,266,14,5,0,29,29,0,439611,32400000
3,Fabbricazione di elettrodomestici,13,2006,0,3,284,4,4,70,206,330,284,0,0,0,6,6,0,468000,45000000
3,Ipermercati,13,1997,5,3,284,1,6,73,204,284,280,0,4,0,4,4,0,106032,276719263
1,Fabbricazione di fibre di vetro,13,2007,1,2,284,7,19,29,229,272,282,2,0,0,0,0,0,484423,83000000
1,"Confezionamento di biancheria da letto, da tavola e per l'arredamento",13,1999,11,1,284,8,43,146,87,282,281,3,0,0,56,54,2,416031,103843671
1,"Commercio al dettaglio di ferramenta, vernici, vetro piano e materiale elettrico e termoidraulico",13,1993,32,3,284,0,5,248,31,263,217,38,29,0,45,41,4,105224,50870424
4,Pulizia generale (non specializzata) di edifici,13,1999,1,2,284,1,1,102,180,1146,269,15,0,0,269,255,14,631798,25554388
1,Gestione di parcheggi e autorimesse,13,1985,40,2,284,3,7,46,228,216,279,3,2,0,95,94,1,338256,44994559
1,"Fabbricazione di lastre, fogli, tubi e profilati in materie plastiche",13,1966,4,2,284,16,41,73,154,286,282,2,0,0,8,8,0,436619,90747955
1,"Fabbricazione di porte, finestre e loro telai, imposte e cancelli metallici",13,1981,8,2,283,21,37,225,0,283,278,5,0,0,54,53,1,500000,48136964
4,"Fabbricazione di aeromobili, di veicoli spaziali e dei relativi dispositivi",13,1994,1,1,283,9,8,123,143,261,253,24,6,0,2,2,0,535686,30702000
1,Commercio al dettaglio di confezioni per adulti,13,1998,39,1,283,10,14,257,2,301,236,47,0,0,0,0,0,669735,192326954
3,Fabbricazione di altre apparecchiature elettriche,13,1987,3,1,283,6,20,131,126,262,270,0,13,0,8,8,0,515000,80410000
4,Commercio al dettaglio di apparecchi audio e video in esercizi specializzati,13,1987,11,3,283,0,1,243,39,267,268,15,0,0,16,14,2,441007,66988107
2,Commercio al dettaglio di articoli di pelletteria e da viaggio,13,1986,3,2,282,13,39,195,35,254,262,16,4,0,19,19,0,438643,296686763
3,Taglio e piallatura del legno,13,2008,4,1,282,4,16,71,191,318,280,2,0,0,11,11,0,379525,65419810
1,Commercio all'ingrosso di articoli per l'illuminazione; materiale elettrico vario per uso domestico,13,1970,23,1,282,0,3,184,95,293,276,3,2,1,28,28,0,98624,80400000
3,Commercio all'ingrosso di articoli per l'illuminazione; materiale elettrico vario per uso domestico,13,1981,21,1,282,0,12,270,0,259,280,2,0,0,9,8,1,454278,95909484
2,Produzione di software non connesso all'edizione,13,1983,0,3,282,10,48,224,0,301,278,4,0,0,52,52,0,437115,45400000
1,Minimercati ed altri esercizi non specializzati di alimentari vari,13,1992,25,1,282,1,4,13,264,207,201,65,16,0,77,66,11,352618,75393743
2,Produzione di cemento,13,1935,3,3,282,14,16,101,151,160,282,0,0,0,5,5,0,540619,6622756
1,Fabbricazione di tubi e condotti senza saldatura,13,1993,1,2,281,5,12,50,214,283,279,2,0,0,3,3,0,482627,153847
4,Trasporto marittimo e costiero di merci,13,1992,1,3,281,0,4,192,85,274,36,245,0,0,3,3,0,763022,36101311
1,Fabbricazione di altri prodotti in gomma,13,1986,0,3,280,2,21,85,172,267,273,7,0,0,13,13,0,425000,47000000
3,"Fabbricazione di mattoni, tegole ed altri prodotti per l'edilizia in terracotta",13,1941,4,3,280,4,12,33,231,332,280,0,0,0,4,4,0,412744,47000000
4,Commercio al dettaglio di confezioni per adulti,13,1992,41,3,279,0,3,276,0,225,95,175,9,0,34,2,32,400000,35994955
1,Fabbricazione di altre parti ed accessori per autoveicoli e loro motori,13,1998,3,1,279,7,0,51,221,262,240,39,0,0,11,11,0,422952,76973489
1,Ricerche di mercato e sondaggi di opinione,13,1996,0,3,278,20,51,202,5,336,271,2,5,0,40,40,0,46153,4791362
1,Attività paramediche indipendenti,13,2002,7,3,278,4,2,11,261,278,150,128,0,0,20,10,10,711680,12089451
4,"Commercio al dettaglio di biancheria personale, maglieria, camicie",13,1990,67,3,277,0,4,265,8,409,189,87,1,0,19,9,10,560104,45545998
3,Fabbricazione di calzature,13,1990,6,3,277,0,0,53,224,338,261,5,11,0,11,11,0,537176,40000000
1,Trattamento e rivestimento dei metalli,13,1989,4,2,276,14,24,67,171,276,276,0,0,0,9,9,0,469547,69533128
2,"Commercio all'ingrosso non specializzato di prodotti alimentari, bevande e tabacco",13,1990,4,2,276,7,12,119,138,253,251,18,7,0,14,14,0,57143,366867627
1,Fabbricazione di calzature,13,1992,19,1,275,5,7,152,111,277,220,53,2,0,53,39,14,416896,48044174
1,"Produzione di cacao in polvere, cioccolato, caramelle e confetterie",13,1946,2,1,275,7,12,54,202,275,274,1,0,0,28,28,0,408396,122867918
2,"Produzione di pasti e piatti pronti (preparati, conditi, cucinati e confezionati)",13,1974,3,1,274,4,1,28,241,158,145,129,0,0,3,3,0,465547,55265945
1,Produzione di prodotti a base di carne (inclusa la carne di volatili),13,1980,1,3,273,12,9,60,192,301,250,11,12,0,18,17,1,451300,76578000
4,Ospedali e case di cura specialistici,13,1949,1,3,273,37,0,234,2,252,257,16,0,0,9,4,5,81991,45564531
2,Fabbricazione di piastrelle in ceramica per pavimenti e rivestimenti,13,1961,3,3,273,11,8,76,178,260,262,10,1,0,11,11,0,79115,70612546
2,Ospedali e case di cura generici,13,1974,0,3,273,30,0,228,15,268,250,23,0,0,8,6,2,531000,34309266
1,Fabbricazione di attrezzature per cablaggio,13,1963,16,1,273,6,8,117,142,282,269,4,0,0,51,50,1,385122,42881268
3,Fabbricazione di altri articoli metallici e minuteria metallica,13,1968,2,2,273,4,0,59,210,232,242,27,4,0,4,4,0,611856,54693000
2,Fabbricazione di altri articoli in materie plastiche,13,1974,5,3,272,3,4,50,215,272,272,0,0,0,17,17,0,381963,79974000
2,Fabbricazione di prodotti chimici impiegati per ufficio e per il consumo non industriale,13,1981,5,2,270,7,35,102,126,236,245,10,15,0,11,11,0,428393,66940645
2,Fabbricazione di motocicli e motoveicoli (inclusi i motori),13,1976,1,2,270,8,6,52,204,276,270,0,0,0,50,50,0,373224,58797605
3,Confezione in serie di abbigliamento esterno,13,1971,2,3,270,0,2,25,243,350,269,1,0,0,0,0,0,300000,23000000
3,Fabbricazione di altre apparecchiature elettriche,13,1950,1,1,269,3,5,43,218,275,269,0,0,0,0,0,0,458379,81494615
1,Pulizia generale (non specializzata) di edifici,13,1991,0,1,268,0,1,29,238,167,239,29,0,0,220,195,25,200000,5168637
3,Fabbricazione di armi e munizioni,13,1967,0,1,268,5,13,83,167,270,263,4,0,1,17,15,2,452800,100000000
1,"Fabbricazione di pullover, cardigan ed altri articoli simili a maglia",13,1967,12,1,268,1,13,144,110,257,240,28,0,0,12,10,2,418945,65000000
1,Corsi di formazione e corsi di aggiornamento professionale,13,2001,1,2,267,13,29,225,0,250,255,11,1,0,41,40,1,515245,52524646
2,Fabbricazione di componenti elettronici,13,2009,1,1,267,8,5,48,206,285,266,1,0,0,23,23,0,564000,44635000
1,Raccolta di rifiuti solidi non pericolosi,13,1981,9,3,267,0,0,10,257,227,235,12,20,0,2,2,0,436000,24284704
1,Edizione di riviste e periodici,13,1966,1,3,267,18,27,211,11,253,245,22,0,0,7,6,1,416000,50361653
2,Fabbricazione di macchine e apparecchi di sollevamento e movimentazione,13,2005,2,1,267,1,11,84,171,256,259,8,0,0,5,5,0,411807,48802553
3,Attività degli studi di ingegneria,13,1997,3,1,266,25,43,198,0,265,227,39,0,0,1,1,0,510000,74253795
2,Fabbricazione di altri articoli in materie plastiche,13,1964,0,2,266,2,16,48,200,278,261,5,0,0,16,16,0,78760,52311036
1,"Fabbricazione di aeromobili, di veicoli spaziali e dei relativi dispositivi",13,1970,0,3,266,6,16,121,123,250,246,20,0,0,7,7,0,442965,42043000
1,Tessitura,13,1938,6,3,266,5,0,67,194,251,252,8,6,0,19,19,0,419851,60828000
1,Fabbricazione di carta e cartone,13,1977,2,3,265,8,11,73,173,258,265,0,0,0,6,6,0,460000,80763000
2,Fabbricazione di apparecchiature fluidodinamiche,13,1995,1,1,265,6,7,102,150,264,264,1,0,0,6,6,0,487600,120913670
2,Consulenza nel settore delle tecnologie dell'informatica,13,1984,4,3,265,19,17,206,23,268,234,8,23,0,17,16,1,447256,24459290
3,Altra stampa,13,1977,1,2,265,6,11,71,177,256,265,0,0,0,2,2,0,40000,44267419
2,Organizzazione di convegni e fiere,13,1956,0,1,265,9,22,227,7,264,262,3,0,0,135,134,1,332685,69480365
4,Supermercati,13,1990,18,3,264,0,0,0,264,217,231,24,9,0,240,231,9,272016,60973992
1,Produzione di software non connesso all'edizione,13,1976,1,1,264,0,27,218,19,255,244,1,19,0,5,5,0,437666,70615672
2,Fabbricazione di piastrelle in ceramica per pavimenti e rivestimenti,13,1960,2,1,264,1,9,81,173,253,250,14,0,0,4,4,0,83200,57405399
1,Fabbricazione di prodotti refrattari,13,1989,4,2,263,10,23,79,151,267,258,1,4,0,6,5,1,221760,74753230
1,Attività delle agenzie di fornitura di lavoro temporaneo (interinale),13,1999,75,2,263,13,16,220,14,236,204,45,14,0,30,23,7,43588,173464614
1,Tessitura,13,1971,3,1,263,7,10,150,96,256,248,10,5,0,25,25,0,326900,49776412
1,"Commercio all'ingrosso di computer, apparecchiature informatiche periferiche e di software",13,1984,2,3,262,0,3,259,0,179,244,18,0,0,14,14,0,350000,50731000
3,"Fabbricazione di pitture, vernici e smalti, inchiostri da stampa e adesivi sintetici",13,1968,6,1,262,12,0,157,93,286,238,11,13,0,2,2,0,493540,89263924
3,"Fabbricazione di macchine per l'industria alimentare, delle bevande e del tabacco (incluse parti e a",13,1980,5,1,262,3,6,58,195,255,248,8,6,0,0,0,0,411192,57299310
2,Preparazione e concia del cuoio e pelle; preparazione e tintura di pellicce,13,1974,4,3,262,4,9,40,209,211,255,4,3,0,15,15,0,404029,219624037
2,Costruzione di edifici residenziali e non residenziali,13,1971,11,3,262,0,1,38,223,275,227,25,1,9,55,46,9,429511,31339444
1,Attività di pulizia specializzata di edifici e di impianti e macchinari industriali,13,1984,0,3,261,0,1,16,244,280,256,5,0,0,201,197,4,456762,8740173
2,Fabbricazione di piastrelle in ceramica per pavimenti e rivestimenti,13,2000,0,3,260,10,9,59,182,259,248,12,0,0,2,2,0,386162,62500000
1,"Commercio al dettaglio in esercizi non specializzati di computer, periferiche, attrezzature per le t",13,1988,33,1,260,0,0,253,7,242,218,32,10,0,43,33,10,393905,104150224
2,Distribuzione di combustibili gassosi mediante condotte,13,2004,8,1,259,13,14,153,79,271,258,1,0,0,20,20,0,454388,80404000
1,Commercio all'ingrosso di prodotti chimici,13,1991,2,2,258,8,22,169,59,234,236,22,0,0,5,5,0,4890,97703705
3,Pulizia generale (non specializzata) di edifici,13,2007,2,3,258,0,0,3,255,537,229,29,0,0,255,227,28,107697,2567854
3,Fabbricazione di altri prodotti in minerali non metalliferi nca,13,1986,9,3,258,2,15,25,216,315,130,128,0,0,2,1,1,661275,2590146
2,Fusione di acciaio,13,1962,0,3,258,5,1,39,213,283,257,1,0,0,8,8,0,419000,4006000
2,Imprese di gestione esattoriale,13,1994,28,3,256,3,8,222,23,220,201,46,5,4,76,57,19,299798,18730480
2,Produzione di altri prodotti alimentari nca,13,1984,3,1,256,7,8,122,119,236,226,30,0,0,8,7,1,460625,79409132
4,Supermercati,13,1996,26,3,256,1,1,18,236,148,70,184,2,0,45,20,25,2000,74000000
1,Produzione di cemento,13,1939,3,2,256,13,26,97,120,310,256,0,0,0,0,0,0,413322,72720000
2,Fabbricazione di macchine e apparecchi di sollevamento e movimentazione,13,1972,1,2,256,5,4,79,168,251,254,1,1,0,5,5,0,423038,188879795
4,Ospedali e case di cura generici,13,1996,0,3,255,21,0,191,43,246,253,2,0,0,1,1,0,384024,30000000
2,Ipermercati,13,1996,2,3,255,1,2,239,13,262,248,1,6,0,148,147,1,31600,56745800
2,"Lavorazione artistica del marmo e di altre pietre affini, lavori in mosaico",13,1981,3,3,255,4,8,91,152,322,253,2,0,0,7,7,0,403127,66713086
3,Fabbricazione di medicinali e preparati farmaceutici,13,1977,3,1,254,11,41,133,69,203,188,66,0,0,3,2,1,321511,60241000
3,Commercio all'ingrosso di materiali da costruzione (inclusi gli apparecchi igienico-sanitari),13,1982,0,3,254,0,1,212,41,265,216,38,0,0,10,10,0,470271,71035428
1,Istruzione secondaria di secondo grado di formazione generale: licei,13,1913,1,3,253,0,0,237,16,216,185,68,0,0,65,35,30,211396,15310872
1,"Fabbricazione di macchine automatiche per la dosatura, la confezione e per l'imballaggio (incluse pa",13,1979,2,1,253,9,6,132,106,224,246,6,1,0,2,2,0,406530,47000000
1,Fabbricazione di articoli sportivi,13,1962,0,3,253,13,0,139,101,250,229,23,1,0,26,26,0,382185,65000000
1,Pulizia generale (non specializzata) di edifici,13,1988,1,3,252,0,0,20,232,217,223,25,0,4,222,197,25,216063,4331000
2,Raccolta di rifiuti solidi non pericolosi,13,2012,7,3,252,2,8,36,206,286,233,19,0,0,4,4,0,500000,32174579
1,Tessitura,13,1959,0,1,252,7,15,141,89,253,241,11,0,0,17,16,1,467520,61195046
3,Amministrazione di condomini e gestione di beni immobili per conto terzi,13,1996,11,1,251,12,48,191,0,252,244,7,0,0,21,21,0,385226,203000000
1,Attività dei servizi connessi al trasporto marittimo e per vie d'acqua,13,1970,1,1,251,14,20,141,76,263,251,0,0,0,1,1,0,441800,40000000
2,Fabbricazione di altri fili e cavi elettrici ed elettronici,13,1970,3,3,250,8,15,40,187,451,247,3,0,0,10,10,0,437500,234000000
3,Produzione di vini da tavola e v.p.q.r.d.,13,2000,3,1,250,6,19,132,93,237,211,38,1,0,5,3,2,390673,160320911
1,Tessitura,13,2002,1,2,250,2,8,55,185,219,224,26,0,0,10,10,0,420621,38129877
4,Commercio all'ingrosso di frutta e ortaggi freschi,12,1940,0,3,250,0,0,2,248,261,0,250,0,0,0,0,0,252613,12797273
